ISO-10303-21;
HEADER;
FILE_DESCRIPTION (( 'STEP AP214' ),
    '1' );
FILE_NAME ('PCB Arduino.STEP',
    '2026-02-04T09:34:19',
    ( '' ),
    ( '' ),
    'SwSTEP 2.0',
    'SolidWorks 2025',
    '' );
FILE_SCHEMA (( 'AUTOMOTIVE_DESIGN' ));
ENDSEC;

DATA;
#1 = EDGE_LOOP ( 'NONE', ( #873, #2516, #2730, #1260 ) ) ;
#2 = DIRECTION ( 'NONE',  ( 0.000000000000000000, 0.000000000000000000, 1.000000000000000000 ) ) ;
#3 = CARTESIAN_POINT ( 'NONE',  ( 30.02999999999999048, 2.539999999999893898, 0.000000000000000000 ) ) ;
#4 = SHAPE_DEFINITION_REPRESENTATION ( #230, #2114 ) ;
#5 = DIRECTION ( 'NONE',  ( 1.000000000000000000, 0.000000000000000000, 0.000000000000000000 ) ) ;
#6 = AXIS2_PLACEMENT_3D ( 'NONE', #3020, #2551, #614 ) ;
#7 = EDGE_CURVE ( 'NONE', #473, #445, #357, .T. ) ;
#8 = ORIENTED_EDGE ( 'NONE', *, *, #2775, .F. ) ;
#9 = ORIENTED_EDGE ( 'NONE', *, *, #1412, .F. ) ;
#10 = EDGE_CURVE ( 'NONE', #3104, #2841, #2129, .T. ) ;
#11 = FACE_OUTER_BOUND ( 'NONE', #1330, .T. ) ;
#12 = EDGE_CURVE ( 'NONE', #1888, #1397, #2797, .T. ) ;
#13 = LINE ( 'NONE', #27, #2158 ) ;
#14 = ORIENTED_EDGE ( 'NONE', *, *, #261, .T. ) ;
#15 = CARTESIAN_POINT ( 'NONE',  ( 34.47999999999999687, 50.79999999999994031, 0.000000000000000000 ) ) ;
#16 = EDGE_CURVE ( 'NONE', #845, #1861, #1180, .T. ) ;
#17 = DIRECTION ( 'NONE',  ( 1.000000000000000000, 0.000000000000000000, 0.000000000000000000 ) ) ;
#18 = DIRECTION ( 'NONE',  ( 1.000000000000000000, 0.000000000000000000, 0.000000000000000000 ) ) ;
#19 = AXIS2_PLACEMENT_3D ( 'NONE', #1813, #1075, #1802 ) ;
#20 = VERTEX_POINT ( 'NONE', #1625 ) ;
#21 = FACE_OUTER_BOUND ( 'NONE', #3131, .T. ) ;
#22 = CIRCLE ( 'NONE', #2332, 0.4500000000000025091 ) ;
#23 = CARTESIAN_POINT ( 'NONE',  ( 42.72999999999999687, 2.539999999999982272, 1.600000000000000089 ) ) ;
#24 = ORIENTED_EDGE ( 'NONE', *, *, #1184, .T. ) ;
#25 = VERTEX_POINT ( 'NONE', #224 ) ;
#26 = PLANE ( 'NONE',  #265 ) ;
#27 = CARTESIAN_POINT ( 'NONE',  ( 36.00999999999999091, 2.539999999999928981, 0.000000000000000000 ) ) ;
#28 = ORIENTED_EDGE ( 'NONE', *, *, #1544, .F. ) ;
#29 = AXIS2_PLACEMENT_3D ( 'NONE', #656, #960, #947 ) ;
#30 = DIRECTION ( 'NONE',  ( -0.000000000000000000, -0.000000000000000000, 1.000000000000000000 ) ) ;
#31 = DIRECTION ( 'NONE',  ( 1.000000000000000000, 0.000000000000000000, 0.000000000000000000 ) ) ;
#32 = EDGE_CURVE ( 'NONE', #513, #582, #76, .T. ) ;
#33 = DIRECTION ( 'NONE',  ( 0.000000000000000000, 0.000000000000000000, 1.000000000000000000 ) ) ;
#34 = VECTOR ( 'NONE', #2121, 1000.000000000000000 ) ;
#35 = VERTEX_POINT ( 'NONE', #2873 ) ;
#36 = DIRECTION ( 'NONE',  ( 1.000000000000000000, 0.000000000000000000, 0.000000000000000000 ) ) ;
#37 = AXIS2_PLACEMENT_3D ( 'NONE', #1435, #2884, #928 ) ;
#38 = EDGE_LOOP ( 'NONE', ( #1411, #401, #64, #572 ) ) ;
#39 = VERTEX_POINT ( 'NONE', #2577 ) ;
#40 = CARTESIAN_POINT ( 'NONE',  ( 31.03999999999999559, 50.79999999999992610, 0.000000000000000000 ) ) ;
#41 = EDGE_LOOP ( 'NONE', ( #2105, #1512 ) ) ;
#42 = VERTEX_POINT ( 'NONE', #176 ) ;
#43 = FACE_OUTER_BOUND ( 'NONE', #1992, .T. ) ;
#44 = LINE ( 'NONE', #1704, #911 ) ;
#45 = DIRECTION ( 'NONE',  ( 1.000000000000000000, 0.000000000000000000, 0.000000000000000000 ) ) ;
#46 = DIRECTION ( 'NONE',  ( 0.000000000000000000, 0.000000000000000000, 1.000000000000000000 ) ) ;
#47 = EDGE_LOOP ( 'NONE', ( #2536, #2003, #2966, #1568 ) ) ;
#48 = CARTESIAN_POINT ( 'NONE',  ( 24.31999999999999673, 50.79999999999987637, 0.000000000000000000 ) ) ;
#49 =( NAMED_UNIT ( * ) PLANE_ANGLE_UNIT ( ) SI_UNIT ( $, .RADIAN. ) );
#50 = EDGE_CURVE ( 'NONE', #1159, #1462, #2244, .T. ) ;
#51 = ORIENTED_EDGE ( 'NONE', *, *, #1078, .T. ) ;
#52 = VERTEX_POINT ( 'NONE', #3077 ) ;
#53 = CARTESIAN_POINT ( 'NONE',  ( 28.94999999999999574, 50.79999999999990479, 0.000000000000000000 ) ) ;
#54 = AXIS2_PLACEMENT_3D ( 'NONE', #1480, #321, #2453 ) ;
#55 = EDGE_LOOP ( 'NONE', ( #2058, #1079, #2088, #1804, #2585, #1401, #520, #1782 ) ) ;
#56 = AXIS2_PLACEMENT_3D ( 'NONE', #1216, #2188, #1916 ) ;
#57 = DIRECTION ( 'NONE',  ( -0.000000000000000000, -0.000000000000000000, 1.000000000000000000 ) ) ;
#58 = DIRECTION ( 'NONE',  ( 0.000000000000000000, 0.000000000000000000, 1.000000000000000000 ) ) ;
#59 = CARTESIAN_POINT ( 'NONE',  ( 58.42000000000000171, 2.539999999999964508, 1.600000000000000089 ) ) ;
#60 = AXIS2_PLACEMENT_3D ( 'NONE', #941, #410, #3065 ) ;
#61 = CIRCLE ( 'NONE', #1823, 0.4499999999999990119 ) ;
#62 = VERTEX_POINT ( 'NONE', #883 ) ;
#63 = EDGE_CURVE ( 'NONE', #1861, #767, #2151, .T. ) ;
#64 = ORIENTED_EDGE ( 'NONE', *, *, #337, .T. ) ;
#65 = ADVANCED_FACE ( 'NONE', ( #1440, #419, #3094, #918, #1373, #2853, #2817, #1914, #709, #3128, #1882, #2834, #950, #2627, #2889, #2645, #2371, #240, #1610, #902, #2100, #2136, #474, #1659, #643, #455, #1425, #3060, #2408, #209, #2334, #1167, #1200, #441, #1862, #677, #1641, #2611, #1406 ), #3111, .T. ) ;
#66 = VERTEX_POINT ( 'NONE', #2658 ) ;
#67 = EDGE_CURVE ( 'NONE', #288, #3023, #325, .T. ) ;
#68 = AXIS2_PLACEMENT_3D ( 'NONE', #476, #458, #979 ) ;
#69 = LINE ( 'NONE', #1280, #2442 ) ;
#70 = AXIS2_PLACEMENT_3D ( 'NONE', #2436, #1208, #785 ) ;
#71 = EDGE_LOOP ( 'NONE', ( #632, #2099, #1816, #1713 ) ) ;
#72 = ADVANCED_FACE ( 'NONE', ( #1008 ), #489, .F. ) ;
#73 = DIRECTION ( 'NONE',  ( 1.000000000000000000, 0.000000000000000000, 0.000000000000000000 ) ) ;
#74 = FACE_OUTER_BOUND ( 'NONE', #1953, .T. ) ;
#75 = DIRECTION ( 'NONE',  ( 1.000000000000000000, 0.000000000000000000, 0.000000000000000000 ) ) ;
#76 = CIRCLE ( 'NONE', #1031, 0.5000000000000004441 ) ;
#77 = DIRECTION ( 'NONE',  ( 1.000000000000000000, 0.000000000000000000, 0.000000000000000000 ) ) ;
#78 = ORIENTED_EDGE ( 'NONE', *, *, #3014, .F. ) ;
#79 = ORIENTED_EDGE ( 'NONE', *, *, #760, .F. ) ;
#80 = VERTEX_POINT ( 'NONE', #48 ) ;
#81 = VECTOR ( 'NONE', #456, 1000.000000000000000 ) ;
#82 = DIRECTION ( 'NONE',  ( -0.000000000000000000, -0.000000000000000000, 1.000000000000000000 ) ) ;
#83 = ORIENTED_EDGE ( 'NONE', *, *, #731, .F. ) ;
#84 = CIRCLE ( 'NONE', #2261, 0.4499999999999990119 ) ;
#85 = CARTESIAN_POINT ( 'NONE',  ( 66.53999999999999204, 25.35000000000000142, 0.000000000000000000 ) ) ;
#86 = FACE_OUTER_BOUND ( 'NONE', #1220, .T. ) ;
#87 = CIRCLE ( 'NONE', #898, 0.9999999999999997780 ) ;
#88 = CIRCLE ( 'NONE', #1454, 0.4499999999999990119 ) ;
#89 = CYLINDRICAL_SURFACE ( 'NONE', #2510, 0.4499999999999990119 ) ;
#90 = LINE ( 'NONE', #734, #2977 ) ;
#91 = ORIENTED_EDGE ( 'NONE', *, *, #2032, .F. ) ;
#92 = ORIENTED_EDGE ( 'NONE', *, *, #2481, .F. ) ;
#93 = CARTESIAN_POINT ( 'NONE',  ( 39.10999999999999943, 50.79999999999997584, 0.000000000000000000 ) ) ;
#94 = LINE ( 'NONE', #1062, #1221 ) ;
#95 = ADVANCED_FACE ( 'NONE', ( #2202 ), #1965, .F. ) ;
#96 = CARTESIAN_POINT ( 'NONE',  ( 66.53999999999999204, 30.43000000000000327, 0.000000000000000000 ) ) ;
#97 = VERTEX_POINT ( 'NONE', #1709 ) ;
#98 = EDGE_LOOP ( 'NONE', ( #2124, #907 ) ) ;
#99 = EDGE_CURVE ( 'NONE', #2974, #2473, #2459, .T. ) ;
#100 = CARTESIAN_POINT ( 'NONE',  ( 45.71999999999999886, 50.79999999999987637, 0.000000000000000000 ) ) ;
#101 = EDGE_CURVE ( 'NONE', #708, #1594, #2946, .T. ) ;
#102 = LINE ( 'NONE', #1806, #560 ) ;
#103 = FACE_OUTER_BOUND ( 'NONE', #541, .T. ) ;
#104 = DIRECTION ( 'NONE',  ( 1.000000000000000000, 0.000000000000000000, 0.000000000000000000 ) ) ;
#105 = EDGE_CURVE ( 'NONE', #278, #2318, #2683, .T. ) ;
#106 = LINE ( 'NONE', #2499, #2153 ) ;
#107 = CARTESIAN_POINT ( 'NONE',  ( 53.33999999999999631, 50.79999999999992610, 0.000000000000000000 ) ) ;
#108 = EDGE_LOOP ( 'NONE', ( #2759, #1487 ) ) ;
#109 = VECTOR ( 'NONE', #430, 1000.000000000000000 ) ;
#110 = EDGE_CURVE ( 'NONE', #1461, #859, #766, .T. ) ;
#111 = CIRCLE ( 'NONE', #1781, 0.4499999999999990119 ) ;
#112 = VERTEX_POINT ( 'NONE', #762 ) ;
#113 = ORIENTED_EDGE ( 'NONE', *, *, #2252, .F. ) ;
#114 = DIRECTION ( 'NONE',  ( 1.000000000000000000, 0.000000000000000000, 0.000000000000000000 ) ) ;
#115 = CYLINDRICAL_SURFACE ( 'NONE', #810, 0.4499999999999990119 ) ;
#116 = ORIENTED_EDGE ( 'NONE', *, *, #2303, .F. ) ;
#117 = VERTEX_POINT ( 'NONE', #2171 ) ;
#118 = VECTOR ( 'NONE', #443, 1000.000000000000000 ) ;
#119 = CARTESIAN_POINT ( 'NONE',  ( 55.88000000000000256, 2.539999999999946745, 0.000000000000000000 ) ) ;
#120 = CYLINDRICAL_SURFACE ( 'NONE', #2439, 0.4500000000000025091 ) ;
#121 = DIRECTION ( 'NONE',  ( 1.000000000000000000, 0.000000000000000000, 0.000000000000000000 ) ) ;
#122 = DIRECTION ( 'NONE',  ( 1.000000000000000000, 0.000000000000000000, 0.000000000000000000 ) ) ;
#123 = EDGE_CURVE ( 'NONE', #1906, #2501, #1313, .T. ) ;
#124 = FACE_OUTER_BOUND ( 'NONE', #1678, .T. ) ;
#125 = DIRECTION ( 'NONE',  ( 1.000000000000000000, 0.000000000000000000, 0.000000000000000000 ) ) ;
#126 = DIRECTION ( 'NONE',  ( 1.000000000000000000, 0.000000000000000000, 0.000000000000000000 ) ) ;
#127 = ORIENTED_EDGE ( 'NONE', *, *, #143, .T. ) ;
#128 = AXIS2_PLACEMENT_3D ( 'NONE', #1304, #1584, #2568 ) ;
#129 = EDGE_LOOP ( 'NONE', ( #2662, #1251 ) ) ;
#130 = EDGE_LOOP ( 'NONE', ( #2742, #1500, #1118, #2930 ) ) ;
#131 = DIRECTION ( 'NONE',  ( -0.000000000000000000, -0.000000000000000000, 1.000000000000000000 ) ) ;
#132 = CYLINDRICAL_SURFACE ( 'NONE', #2435, 1.000000000000000000 ) ;
#133 = CIRCLE ( 'NONE', #1446, 0.4499999999999990119 ) ;
#134 = EDGE_LOOP ( 'NONE', ( #214, #1232 ) ) ;
#135 = ORIENTED_EDGE ( 'NONE', *, *, #998, .F. ) ;
#136 = CIRCLE ( 'NONE', #1748, 0.4500000000000059508 ) ;
#137 = CARTESIAN_POINT ( 'NONE',  ( 55.42999999999999972, 2.539999999999946745, 1.600000000000000089 ) ) ;
#138 = DIRECTION ( 'NONE',  ( 1.000000000000000000, 0.000000000000000000, 0.000000000000000000 ) ) ;
#139 = CARTESIAN_POINT ( 'NONE',  ( 50.79999999999999716, 50.79999999999990479, 0.000000000000000000 ) ) ;
#140 = FACE_OUTER_BOUND ( 'NONE', #1967, .T. ) ;
#141 = DIRECTION ( 'NONE',  ( -0.000000000000000000, -0.000000000000000000, 1.000000000000000000 ) ) ;
#142 = ADVANCED_FACE ( 'NONE', ( #21 ), #507, .F. ) ;
#143 = EDGE_CURVE ( 'NONE', #1899, #797, #2143, .T. ) ;
#144 = VERTEX_POINT ( 'NONE', #730 ) ;
#145 = ORIENTED_EDGE ( 'NONE', *, *, #416, .F. ) ;
#146 = EDGE_CURVE ( 'NONE', #1159, #1984, #2426, .T. ) ;
#147 = CARTESIAN_POINT ( 'NONE',  ( 46.16999999999999460, 50.79999999999987637, 0.000000000000000000 ) ) ;
#148 = DIRECTION ( 'NONE',  ( 1.000000000000000000, 0.000000000000000000, 0.000000000000000000 ) ) ;
#149 = EDGE_LOOP ( 'NONE', ( #1528, #239 ) ) ;
#150 = ORIENTED_EDGE ( 'NONE', *, *, #3006, .T. ) ;
#151 = DIRECTION ( 'NONE',  ( 0.000000000000000000, 0.000000000000000000, 1.000000000000000000 ) ) ;
#152 = CYLINDRICAL_SURFACE ( 'NONE', #1536, 0.4499999999999990119 ) ;
#153 = DIRECTION ( 'NONE',  ( 1.000000000000000000, 0.000000000000000000, 0.000000000000000000 ) ) ;
#154 = CYLINDRICAL_SURFACE ( 'NONE', #2462, 0.4499999999999990119 ) ;
#155 = DIRECTION ( 'NONE',  ( 0.000000000000000000, 0.000000000000000000, 1.000000000000000000 ) ) ;
#156 = AXIS2_PLACEMENT_3D ( 'NONE', #666, #630, #1613 ) ;
#157 = ORIENTED_EDGE ( 'NONE', *, *, #146, .T. ) ;
#158 = VERTEX_POINT ( 'NONE', #690 ) ;
#159 = CYLINDRICAL_SURFACE ( 'NONE', #1433, 0.4999999999999865663 ) ;
#160 = AXIS2_PLACEMENT_3D ( 'NONE', #1489, #1699, #1464 ) ;
#161 = FACE_BOUND ( 'NONE', #1349, .T. ) ;
#162 = VERTEX_POINT ( 'NONE', #253 ) ;
#163 = AXIS2_PLACEMENT_3D ( 'NONE', #1040, #270, #2455 ) ;
#164 = ORIENTED_EDGE ( 'NONE', *, *, #1329, .F. ) ;
#165 = ADVANCED_FACE ( 'NONE', ( #1450 ), #3138, .F. ) ;
#166 = LINE ( 'NONE', #539, #310 ) ;
#167 = CARTESIAN_POINT ( 'NONE',  ( 48.70999999999999375, 50.79999999999989058, 0.000000000000000000 ) ) ;
#168 = DIRECTION ( 'NONE',  ( 1.000000000000000000, 0.000000000000000000, 0.000000000000000000 ) ) ;
#169 = EDGE_CURVE ( 'NONE', #549, #184, #1177, .T. ) ;
#170 = CIRCLE ( 'NONE', #725, 0.4499999999999990119 ) ;
#171 = EDGE_CURVE ( 'NONE', #66, #1110, #1015, .T. ) ;
#172 = CIRCLE ( 'NONE', #2290, 0.4500000000000025091 ) ;
#173 = DIRECTION ( 'NONE',  ( -0.000000000000000000, -0.000000000000000000, 1.000000000000000000 ) ) ;
#174 = AXIS2_PLACEMENT_3D ( 'NONE', #1730, #2454, #1705 ) ;
#175 = ORIENTED_EDGE ( 'NONE', *, *, #2939, .F. ) ;
#176 = CARTESIAN_POINT ( 'NONE',  ( 25.95999999999999730, 50.79999999999989058, 1.600000000000000089 ) ) ;
#177 = AXIS2_PLACEMENT_3D ( 'NONE', #1820, #2749, #381 ) ;
#178 = DIRECTION ( 'NONE',  ( -0.000000000000000000, -0.000000000000000000, 1.000000000000000000 ) ) ;
#179 = FACE_BOUND ( 'NONE', #1266, .T. ) ;
#180 = ORIENTED_EDGE ( 'NONE', *, *, #472, .T. ) ;
#181 = ORIENTED_EDGE ( 'NONE', *, *, #2601, .F. ) ;
#182 = DIRECTION ( 'NONE',  ( 1.000000000000000000, 0.000000000000000000, 0.000000000000000000 ) ) ;
#183 = DIRECTION ( 'NONE',  ( 0.000000000000000000, 0.000000000000000000, 1.000000000000000000 ) ) ;
#184 = VERTEX_POINT ( 'NONE', #1436 ) ;
#185 = VECTOR ( 'NONE', #1427, 1000.000000000000000 ) ;
#186 = CARTESIAN_POINT ( 'NONE',  ( 21.32999999999999829, 50.79999999999986215, 0.000000000000000000 ) ) ;
#187 = DIRECTION ( 'NONE',  ( -0.000000000000000000, -0.000000000000000000, 1.000000000000000000 ) ) ;
#188 = ORIENTED_EDGE ( 'NONE', *, *, #2152, .T. ) ;
#189 = AXIS2_PLACEMENT_3D ( 'NONE', #2335, #1065, #2524 ) ;
#190 = DIRECTION ( 'NONE',  ( 1.000000000000000000, 0.000000000000000000, 0.000000000000000000 ) ) ;
#191 = CARTESIAN_POINT ( 'NONE',  ( 63.04999999999999716, 50.79999999999999716, 0.000000000000000000 ) ) ;
#192 = EDGE_CURVE ( 'NONE', #3029, #1577, #1530, .T. ) ;
#193 = CARTESIAN_POINT ( 'NONE',  ( 68.00000000000001421, 53.53000000000000114, 0.000000000000000000 ) ) ;
#194 = FACE_BOUND ( 'NONE', #1073, .T. ) ;
#195 = EDGE_LOOP ( 'NONE', ( #2146, #2725 ) ) ;
#196 = ORIENTED_EDGE ( 'NONE', *, *, #99, .T. ) ;
#197 = APPLICATION_CONTEXT ( 'automotive_design' ) ;
#198 = DIRECTION ( 'NONE',  ( 1.000000000000000000, 0.000000000000000000, 0.000000000000000000 ) ) ;
#199 = FACE_OUTER_BOUND ( 'NONE', #2407, .T. ) ;
#200 = ORIENTED_EDGE ( 'NONE', *, *, #1683, .F. ) ;
#201 = EDGE_CURVE ( 'NONE', #35, #1697, #2352, .T. ) ;
#202 = ADVANCED_FACE ( 'NONE', ( #722 ), #485, .F. ) ;
#203 = DIRECTION ( 'NONE',  ( 1.000000000000000000, 0.000000000000000000, 0.000000000000000000 ) ) ;
#204 = DIRECTION ( 'NONE',  ( -0.000000000000000000, -0.000000000000000000, 1.000000000000000000 ) ) ;
#205 = CYLINDRICAL_SURFACE ( 'NONE', #576, 0.4499999999999990119 ) ;
#206 = EDGE_CURVE ( 'NONE', #378, #2174, #726, .T. ) ;
#207 = AXIS2_PLACEMENT_3D ( 'NONE', #1896, #2382, #959 ) ;
#208 = ORIENTED_EDGE ( 'NONE', *, *, #2638, .F. ) ;
#209 = FACE_BOUND ( 'NONE', #1812, .T. ) ;
#210 = EDGE_CURVE ( 'NONE', #1109, #2126, #172, .T. ) ;
#211 = DIRECTION ( 'NONE',  ( 1.000000000000000000, 0.000000000000000000, 0.000000000000000000 ) ) ;
#212 = DIRECTION ( 'NONE',  ( 1.000000000000000000, 0.000000000000000000, 0.000000000000000000 ) ) ;
#213 = DIRECTION ( 'NONE',  ( 0.000000000000000000, 0.000000000000000000, 1.000000000000000000 ) ) ;
#214 = ORIENTED_EDGE ( 'NONE', *, *, #2643, .F. ) ;
#215 = VERTEX_POINT ( 'NONE', #1911 ) ;
#216 = AXIS2_PLACEMENT_3D ( 'NONE', #684, #2567, #908 ) ;
#217 = CARTESIAN_POINT ( 'NONE',  ( 60.50999999999999801, 50.79999999999997584, 0.000000000000000000 ) ) ;
#218 = DIRECTION ( 'NONE',  ( 0.000000000000000000, 0.000000000000000000, 1.000000000000000000 ) ) ;
#219 = EDGE_LOOP ( 'NONE', ( #1649, #454, #2877, #923 ) ) ;
#220 = AXIS2_PLACEMENT_3D ( 'NONE', #1955, #2651, #1238 ) ;
#221 = DIRECTION ( 'NONE',  ( 1.000000000000000000, 0.000000000000000000, 0.000000000000000000 ) ) ;
#222 = DIRECTION ( 'NONE',  ( -0.000000000000000000, -0.000000000000000000, 1.000000000000000000 ) ) ;
#223 = EDGE_LOOP ( 'NONE', ( #1867, #771, #227, #1851 ) ) ;
#224 = CARTESIAN_POINT ( 'NONE',  ( 18.33999999999999631, 50.79999999999984084, 0.000000000000000000 ) ) ;
#225 = CYLINDRICAL_SURFACE ( 'NONE', #3069, 1.000000000000000888 ) ;
#226 = FACE_OUTER_BOUND ( 'NONE', #2968, .T. ) ;
#227 = ORIENTED_EDGE ( 'NONE', *, *, #1683, .T. ) ;
#228 = ORIENTED_EDGE ( 'NONE', *, *, #1316, .T. ) ;
#229 = VECTOR ( 'NONE', #2641, 1000.000000000000000 ) ;
#230 = PRODUCT_DEFINITION_SHAPE ( 'NONE', 'NONE',  #383 ) ;
#231 = CARTESIAN_POINT ( 'NONE',  ( 26.86000000000000298, 50.79999999999989058, 0.000000000000000000 ) ) ;
#232 = ORIENTED_EDGE ( 'NONE', *, *, #864, .F. ) ;
#233 = DIRECTION ( 'NONE',  ( -0.000000000000000000, -0.000000000000000000, 1.000000000000000000 ) ) ;
#234 = DIRECTION ( 'NONE',  ( 1.000000000000000000, 0.000000000000000000, 0.000000000000000000 ) ) ;
#235 = CARTESIAN_POINT ( 'NONE',  ( 52.89000000000000057, 2.539999999999928981, 0.000000000000000000 ) ) ;
#236 = FACE_OUTER_BOUND ( 'NONE', #387, .T. ) ;
#237 = AXIS2_PLACEMENT_3D ( 'NONE', #985, #2137, #2659 ) ;
#238 = VECTOR ( 'NONE', #1447, 1000.000000000000000 ) ;
#239 = ORIENTED_EDGE ( 'NONE', *, *, #2835, .T. ) ;
#240 = FACE_BOUND ( 'NONE', #1797, .T. ) ;
#241 = EDGE_CURVE ( 'NONE', #2553, #2216, #931, .T. ) ;
#242 = DIRECTION ( 'NONE',  ( 1.000000000000000000, 0.000000000000000000, 0.000000000000000000 ) ) ;
#243 = CIRCLE ( 'NONE', #493, 0.4500000000000025091 ) ;
#244 =( NAMED_UNIT ( * ) SI_UNIT ( $, .STERADIAN. ) SOLID_ANGLE_UNIT ( ) );
#245 = DIRECTION ( 'NONE',  ( 0.000000000000000000, 0.000000000000000000, 1.000000000000000000 ) ) ;
#246 = ORIENTED_EDGE ( 'NONE', *, *, #2051, .T. ) ;
#247 = ORIENTED_EDGE ( 'NONE', *, *, #32, .T. ) ;
#248 = AXIS2_PLACEMENT_3D ( 'NONE', #1990, #2733, #2750 ) ;
#249 = ADVANCED_FACE ( 'NONE', ( #1859 ), #1162, .F. ) ;
#250 = DIRECTION ( 'NONE',  ( 1.000000000000000000, 0.000000000000000000, 0.000000000000000000 ) ) ;
#251 = LINE ( 'NONE', #1957, #688 ) ;
#252 = ORIENTED_EDGE ( 'NONE', *, *, #1412, .T. ) ;
#253 = CARTESIAN_POINT ( 'NONE',  ( 63.99999999999997158, 27.89000000000000057, 1.600000000000000089 ) ) ;
#254 = CARTESIAN_POINT ( 'NONE',  ( 52.89000000000000057, 50.79999999999992610, 1.600000000000000089 ) ) ;
#255 = ORIENTED_EDGE ( 'NONE', *, *, #1282, .T. ) ;
#256 = CARTESIAN_POINT ( 'NONE',  ( 55.88000000000000256, 50.79999999999994031, 0.000000000000000000 ) ) ;
#257 = CARTESIAN_POINT ( 'NONE',  ( 36.11999999999999744, 50.79999999999996163, 1.600000000000000089 ) ) ;
#258 = LINE ( 'NONE', #1511, #457 ) ;
#259 = VERTEX_POINT ( 'NONE', #2588 ) ;
#260 = ORIENTED_EDGE ( 'NONE', *, *, #1922, .T. ) ;
#261 = EDGE_CURVE ( 'NONE', #888, #2473, #2230, .T. ) ;
#262 = FACE_OUTER_BOUND ( 'NONE', #388, .T. ) ;
#263 = DIRECTION ( 'NONE',  ( 0.000000000000000000, 0.000000000000000000, 1.000000000000000000 ) ) ;
#264 = ORIENTED_EDGE ( 'NONE', *, *, #1261, .F. ) ;
#265 = AXIS2_PLACEMENT_3D ( 'NONE', #2431, #2927, #1477 ) ;
#266 = LINE ( 'NONE', #1743, #2262 ) ;
#267 = DIRECTION ( 'NONE',  ( -0.000000000000000000, -0.000000000000000000, 1.000000000000000000 ) ) ;
#268 = CARTESIAN_POINT ( 'NONE',  ( 63.50000000000000000, 25.35000000000000142, 0.000000000000000000 ) ) ;
#269 = AXIS2_PLACEMENT_3D ( 'NONE', #570, #2743, #3030 ) ;
#270 = DIRECTION ( 'NONE',  ( -0.000000000000000000, -0.000000000000000000, 1.000000000000000000 ) ) ;
#271 = ORIENTED_EDGE ( 'NONE', *, *, #241, .T. ) ;
#272 = DIRECTION ( 'NONE',  ( 1.000000000000000000, 0.000000000000000000, 0.000000000000000000 ) ) ;
#273 = ORIENTED_EDGE ( 'NONE', *, *, #3012, .T. ) ;
#274 = ORIENTED_EDGE ( 'NONE', *, *, #1058, .T. ) ;
#275 = CARTESIAN_POINT ( 'NONE',  ( 55.88000000000000256, 50.79999999999994031, 1.600000000000000089 ) ) ;
#276 = CARTESIAN_POINT ( 'NONE',  ( 50.35000000000000142, 2.539999999999911662, 1.600000000000000089 ) ) ;
#277 = VERTEX_POINT ( 'NONE', #1873 ) ;
#278 = VERTEX_POINT ( 'NONE', #1668 ) ;
#279 = VECTOR ( 'NONE', #1022, 1000.000000000000000 ) ;
#280 = CARTESIAN_POINT ( 'NONE',  ( 1.387778780781445676E-14, 53.53000000000000114, 1.600000000000000089 ) ) ;
#281 = AXIS2_PLACEMENT_3D ( 'NONE', #832, #2512, #620 ) ;
#282 = DIRECTION ( 'NONE',  ( -0.000000000000000000, -0.000000000000000000, 1.000000000000000000 ) ) ;
#283 = LINE ( 'NONE', #1761, #279 ) ;
#284 = EDGE_CURVE ( 'NONE', #2475, #1335, #860, .T. ) ;
#285 = ORIENTED_EDGE ( 'NONE', *, *, #2715, .T. ) ;
#286 = DIRECTION ( 'NONE',  ( 1.000000000000000000, 0.000000000000000000, 0.000000000000000000 ) ) ;
#287 = CIRCLE ( 'NONE', #536, 0.4499999999999990119 ) ;
#288 = VERTEX_POINT ( 'NONE', #2348 ) ;
#289 = EDGE_LOOP ( 'NONE', ( #1483, #252, #274, #164 ) ) ;
#290 = DIRECTION ( 'NONE',  ( 1.000000000000000000, 0.000000000000000000, 0.000000000000000000 ) ) ;
#291 = ORIENTED_EDGE ( 'NONE', *, *, #1607, .T. ) ;
#292 = CARTESIAN_POINT ( 'NONE',  ( 63.04999999999999716, 50.79999999999999716, 1.600000000000000089 ) ) ;
#293 = CYLINDRICAL_SURFACE ( 'NONE', #540, 0.4499999999999990119 ) ;
#294 = CARTESIAN_POINT ( 'NONE',  ( 53.78999999999999915, 50.79999999999992610, 1.600000000000000089 ) ) ;
#295 = EDGE_CURVE ( 'NONE', #1768, #2909, #1717, .T. ) ;
#296 = DIRECTION ( 'NONE',  ( 0.000000000000000000, 0.000000000000000000, 1.000000000000000000 ) ) ;
#297 = EDGE_CURVE ( 'NONE', #3081, #3033, #1417, .T. ) ;
#298 = ORIENTED_EDGE ( 'NONE', *, *, #2340, .T. ) ;
#299 = CARTESIAN_POINT ( 'NONE',  ( 38.54999999999999716, 2.539999999999946745, 0.000000000000000000 ) ) ;
#300 = EDGE_CURVE ( 'NONE', #2941, #809, #437, .T. ) ;
#301 = ORIENTED_EDGE ( 'NONE', *, *, #826, .F. ) ;
#302 = ORIENTED_EDGE ( 'NONE', *, *, #2621, .F. ) ;
#303 = LINE ( 'NONE', #550, #2748 ) ;
#304 = ORIENTED_EDGE ( 'NONE', *, *, #2445, .T. ) ;
#305 = CARTESIAN_POINT ( 'NONE',  ( 60.50999999999999801, 2.539999999999982272, 1.600000000000000089 ) ) ;
#306 = AXIS2_PLACEMENT_3D ( 'NONE', #1661, #1904, #872 ) ;
#307 = CARTESIAN_POINT ( 'NONE',  ( 35.10999999999999233, 2.539999999999928981, 1.600000000000000089 ) ) ;
#308 = FACE_OUTER_BOUND ( 'NONE', #893, .T. ) ;
#309 = CARTESIAN_POINT ( 'NONE',  ( 37.01999999999999602, 50.79999999999996163, 1.600000000000000089 ) ) ;
#310 = VECTOR ( 'NONE', #2709, 1000.000000000000000 ) ;
#311 = DIRECTION ( 'NONE',  ( 0.000000000000000000, 0.000000000000000000, 1.000000000000000000 ) ) ;
#312 = CIRCLE ( 'NONE', #718, 1.000000000000000888 ) ;
#313 = EDGE_LOOP ( 'NONE', ( #8, #2729 ) ) ;
#314 = EDGE_LOOP ( 'NONE', ( #999, #1765, #814, #200 ) ) ;
#315 = EDGE_LOOP ( 'NONE', ( #1913, #1318 ) ) ;
#316 = CARTESIAN_POINT ( 'NONE',  ( 27.93999999999999417, 2.539999999999876135, 0.000000000000000000 ) ) ;
#317 = FACE_OUTER_BOUND ( 'NONE', #1994, .T. ) ;
#318 = CIRCLE ( 'NONE', #618, 0.4499999999999990119 ) ;
#319 = ORIENTED_EDGE ( 'NONE', *, *, #1687, .F. ) ;
#320 = CARTESIAN_POINT ( 'NONE',  ( 67.00000000000002842, 1.000000000000000888, 0.000000000000000000 ) ) ;
#321 = DIRECTION ( 'NONE',  ( 0.000000000000000000, 0.000000000000000000, 1.000000000000000000 ) ) ;
#322 = CARTESIAN_POINT ( 'NONE',  ( 63.95000000000000995, 50.79999999999999716, 0.000000000000000000 ) ) ;
#323 = AXIS2_PLACEMENT_3D ( 'NONE', #3107, #914, #930 ) ;
#324 = CARTESIAN_POINT ( 'NONE',  ( 66.04000000000000625, 27.89000000000000057, 0.000000000000000000 ) ) ;
#325 = CIRCLE ( 'NONE', #2090, 0.4499999999999990119 ) ;
#326 = AXIS2_PLACEMENT_3D ( 'NONE', #1322, #1570, #2015 ) ;
#327 = DIRECTION ( 'NONE',  ( 1.000000000000000000, 0.000000000000000000, 0.000000000000000000 ) ) ;
#328 = ORIENTED_EDGE ( 'NONE', *, *, #1587, .F. ) ;
#329 = EDGE_CURVE ( 'NONE', #859, #1461, #2528, .T. ) ;
#330 = ORIENTED_EDGE ( 'NONE', *, *, #1493, .F. ) ;
#331 = DIRECTION ( 'NONE',  ( 0.000000000000000000, -0.000000000000000000, -1.000000000000000000 ) ) ;
#332 = AXIS2_PLACEMENT_3D ( 'NONE', #1353, #559, #1824 ) ;
#333 = ADVANCED_FACE ( 'NONE', ( #2899 ), #1684, .F. ) ;
#334 = CARTESIAN_POINT ( 'NONE',  ( 25.95999999999999730, 50.79999999999989058, 0.000000000000000000 ) ) ;
#335 = DIRECTION ( 'NONE',  ( 1.000000000000000000, 0.000000000000000000, 0.000000000000000000 ) ) ;
#336 = ORIENTED_EDGE ( 'NONE', *, *, #2769, .F. ) ;
#337 = EDGE_CURVE ( 'NONE', #3017, #20, #1943, .T. ) ;
#338 = EDGE_LOOP ( 'NONE', ( #1866, #611 ) ) ;
#339 = CIRCLE ( 'NONE', #2164, 0.9999999999999997780 ) ;
#340 = DIRECTION ( 'NONE',  ( 0.000000000000000000, 0.000000000000000000, 1.000000000000000000 ) ) ;
#341 = CARTESIAN_POINT ( 'NONE',  ( 48.70999999999999375, 50.79999999999989058, 1.600000000000000089 ) ) ;
#342 = VECTOR ( 'NONE', #542, 1000.000000000000000 ) ;
#343 = DIRECTION ( 'NONE',  ( 1.000000000000000000, 0.000000000000000000, 0.000000000000000000 ) ) ;
#344 = CARTESIAN_POINT ( 'NONE',  ( 42.72999999999999687, 2.539999999999982272, 0.000000000000000000 ) ) ;
#345 = ORIENTED_EDGE ( 'NONE', *, *, #427, .F. ) ;
#346 = VERTEX_POINT ( 'NONE', #2223 ) ;
#347 = ORIENTED_EDGE ( 'NONE', *, *, #352, .T. ) ;
#348 = CARTESIAN_POINT ( 'NONE',  ( 53.78999999999999915, 2.539999999999928981, 0.000000000000000000 ) ) ;
#349 = CARTESIAN_POINT ( 'NONE',  ( 1.361853528011383251E-14, 52.53000000000000114, 1.600000000000000089 ) ) ;
#350 = ORIENTED_EDGE ( 'NONE', *, *, #2638, .T. ) ;
#351 = ORIENTED_EDGE ( 'NONE', *, *, #2768, .F. ) ;
#352 = EDGE_CURVE ( 'NONE', #648, #2193, #1160, .T. ) ;
#353 = AXIS2_PLACEMENT_3D ( 'NONE', #3087, #674, #946 ) ;
#354 = DIRECTION ( 'NONE',  ( -0.000000000000000000, -0.000000000000000000, 1.000000000000000000 ) ) ;
#355 = FACE_OUTER_BOUND ( 'NONE', #793, .T. ) ;
#356 = DIRECTION ( 'NONE',  ( 1.000000000000000000, 0.000000000000000000, 0.000000000000000000 ) ) ;
#357 = CIRCLE ( 'NONE', #2688, 1.000000000000000222 ) ;
#358 = DIRECTION ( 'NONE',  ( -0.000000000000000000, -0.000000000000000000, 1.000000000000000000 ) ) ;
#359 = EDGE_LOOP ( 'NONE', ( #1720, #2025, #255, #830 ) ) ;
#360 = AXIS2_PLACEMENT_3D ( 'NONE', #843, #1032, #1769 ) ;
#361 = ORIENTED_EDGE ( 'NONE', *, *, #1744, .T. ) ;
#362 = ORIENTED_EDGE ( 'NONE', *, *, #1917, .T. ) ;
#363 = DIRECTION ( 'NONE',  ( -0.000000000000000000, -0.000000000000000000, 1.000000000000000000 ) ) ;
#364 = DIRECTION ( 'NONE',  ( 0.000000000000000000, 0.000000000000000000, 1.000000000000000000 ) ) ;
#365 = VERTEX_POINT ( 'NONE', #1729 ) ;
#366 = CARTESIAN_POINT ( 'NONE',  ( 57.96999999999999886, 2.539999999999964508, 0.000000000000000000 ) ) ;
#367 = CARTESIAN_POINT ( 'NONE',  ( 65.53999999999999204, 30.43000000000000327, 0.000000000000000000 ) ) ;
#368 = CYLINDRICAL_SURFACE ( 'NONE', #1020, 0.4499999999999990119 ) ;
#369 = EDGE_CURVE ( 'NONE', #1110, #66, #2376, .T. ) ;
#370 = DIRECTION ( 'NONE',  ( 1.000000000000000000, 0.000000000000000000, 0.000000000000000000 ) ) ;
#371 = DIRECTION ( 'NONE',  ( 1.000000000000000000, 0.000000000000000000, 0.000000000000000000 ) ) ;
#372 = ADVANCED_FACE ( 'NONE', ( #556 ), #1021, .F. ) ;
#373 = AXIS2_PLACEMENT_3D ( 'NONE', #1163, #1897, #1637 ) ;
#374 = VERTEX_POINT ( 'NONE', #1229 ) ;
#375 = ORIENTED_EDGE ( 'NONE', *, *, #2674, .F. ) ;
#376 = DIRECTION ( 'NONE',  ( 0.000000000000000000, 0.000000000000000000, 1.000000000000000000 ) ) ;
#377 = CARTESIAN_POINT ( 'NONE',  ( 51.25000000000000000, 50.79999999999990479, 1.600000000000000089 ) ) ;
#378 = VERTEX_POINT ( 'NONE', #307 ) ;
#379 = ORIENTED_EDGE ( 'NONE', *, *, #1179, .T. ) ;
#380 = AXIS2_PLACEMENT_3D ( 'NONE', #2128, #183, #466 ) ;
#381 = DIRECTION ( 'NONE',  ( 1.000000000000000000, 0.000000000000000000, 0.000000000000000000 ) ) ;
#382 = CARTESIAN_POINT ( 'NONE',  ( 45.71999999999999886, 2.540000000000000036, 0.000000000000000000 ) ) ;
#383 = PRODUCT_DEFINITION ( 'UNKNOWN', '', #1631, #679 ) ;
#384 = CARTESIAN_POINT ( 'NONE',  ( 57.96999999999999886, 50.79999999999996163, 0.000000000000000000 ) ) ;
#385 = VECTOR ( 'NONE', #2728, 1000.000000000000000 ) ;
#386 = EDGE_CURVE ( 'NONE', #2988, #1513, #1564, .T. ) ;
#387 = EDGE_LOOP ( 'NONE', ( #1790, #434, #1239, #246 ) ) ;
#388 = EDGE_LOOP ( 'NONE', ( #273, #2723, #1166, #595 ) ) ;
#389 = LINE ( 'NONE', #1139, #1126 ) ;
#390 = ADVANCED_FACE ( 'NONE', ( #2962 ), #2210, .F. ) ;
#391 = FACE_BOUND ( 'NONE', #714, .T. ) ;
#392 = ORIENTED_EDGE ( 'NONE', *, *, #522, .F. ) ;
#393 = ORIENTED_EDGE ( 'NONE', *, *, #1361, .F. ) ;
#394 = DIRECTION ( 'NONE',  ( 0.000000000000000000, 0.000000000000000000, 1.000000000000000000 ) ) ;
#395 = CARTESIAN_POINT ( 'NONE',  ( 41.08999999999999631, 2.539999999999964508, 1.600000000000000089 ) ) ;
#396 = CARTESIAN_POINT ( 'NONE',  ( 66.54000000000000625, 27.89000000000000057, 1.600000000000000089 ) ) ;
#397 = CYLINDRICAL_SURFACE ( 'NONE', #1218, 0.4499999999999990119 ) ;
#398 = CIRCLE ( 'NONE', #1061, 0.4499999999999990119 ) ;
#399 = DIRECTION ( 'NONE',  ( 1.000000000000000000, 0.000000000000000000, 0.000000000000000000 ) ) ;
#400 = CARTESIAN_POINT ( 'NONE',  ( 1.361853528011383251E-14, 52.53000000000000114, 0.000000000000000000 ) ) ;
#401 = ORIENTED_EDGE ( 'NONE', *, *, #1924, .F. ) ;
#402 = CARTESIAN_POINT ( 'NONE',  ( 48.70999999999999375, 50.79999999999989058, 0.000000000000000000 ) ) ;
#403 = CIRCLE ( 'NONE', #1622, 0.4499999999999990119 ) ;
#404 = DIRECTION ( 'NONE',  ( 0.000000000000000000, 0.000000000000000000, 1.000000000000000000 ) ) ;
#405 = DIRECTION ( 'NONE',  ( -0.000000000000000000, -0.000000000000000000, 1.000000000000000000 ) ) ;
#406 = CIRCLE ( 'NONE', #1623, 0.4499999999999990119 ) ;
#407 = FACE_OUTER_BOUND ( 'NONE', #780, .T. ) ;
#408 = VERTEX_POINT ( 'NONE', #1004 ) ;
#409 = EDGE_LOOP ( 'NONE', ( #841, #1125 ) ) ;
#410 = DIRECTION ( 'NONE',  ( 0.000000000000000000, 0.000000000000000000, 1.000000000000000000 ) ) ;
#411 = CARTESIAN_POINT ( 'NONE',  ( 48.25999999999999801, 50.79999999999989058, 0.000000000000000000 ) ) ;
#412 = VERTEX_POINT ( 'NONE', #2255 ) ;
#413 = CIRCLE ( 'NONE', #1987, 0.4500000000000025091 ) ;
#414 = DIRECTION ( 'NONE',  ( 0.000000000000000000, 0.000000000000000000, 1.000000000000000000 ) ) ;
#415 = FACE_OUTER_BOUND ( 'NONE', #1887, .T. ) ;
#416 = EDGE_CURVE ( 'NONE', #278, #3081, #44, .T. ) ;
#417 = AXIS2_PLACEMENT_3D ( 'NONE', #2096, #1795, #1540 ) ;
#418 = ORIENTED_EDGE ( 'NONE', *, *, #826, .T. ) ;
#419 = FACE_BOUND ( 'NONE', #2026, .T. ) ;
#420 = CARTESIAN_POINT ( 'NONE',  ( 61.40999999999999659, 50.79999999999997584, 1.600000000000000089 ) ) ;
#421 = CIRCLE ( 'NONE', #2604, 0.4500000000000025091 ) ;
#422 = DIRECTION ( 'NONE',  ( 0.000000000000000000, 0.000000000000000000, 1.000000000000000000 ) ) ;
#423 = LINE ( 'NONE', #645, #1940 ) ;
#424 = EDGE_CURVE ( 'NONE', #1513, #1474, #1506, .T. ) ;
#425 = FACE_BOUND ( 'NONE', #1028, .T. ) ;
#426 = ORIENTED_EDGE ( 'NONE', *, *, #1691, .F. ) ;
#427 = EDGE_CURVE ( 'NONE', #2857, #1949, #498, .T. ) ;
#428 = ORIENTED_EDGE ( 'NONE', *, *, #1457, .T. ) ;
#429 = EDGE_CURVE ( 'NONE', #20, #2666, #3133, .T. ) ;
#430 = DIRECTION ( 'NONE',  ( -0.000000000000000000, -0.000000000000000000, 1.000000000000000000 ) ) ;
#431 = VECTOR ( 'NONE', #343, 1000.000000000000000 ) ;
#432 = ADVANCED_FACE ( 'NONE', ( #2467 ), #293, .F. ) ;
#433 = CARTESIAN_POINT ( 'NONE',  ( 41.64999999999999858, 50.79999999999999716, 0.000000000000000000 ) ) ;
#434 = ORIENTED_EDGE ( 'NONE', *, *, #961, .F. ) ;
#435 = AXIS2_PLACEMENT_3D ( 'NONE', #2825, #2635, #2845 ) ;
#436 = CARTESIAN_POINT ( 'NONE',  ( 55.88000000000000256, 2.539999999999946745, 1.600000000000000089 ) ) ;
#437 = LINE ( 'NONE', #3106, #2680 ) ;
#438 = CARTESIAN_POINT ( 'NONE',  ( 63.00000000000001421, 25.35000000000000142, 1.600000000000000089 ) ) ;
#439 = EDGE_CURVE ( 'NONE', #1462, #162, #2238, .T. ) ;
#440 = VERTEX_POINT ( 'NONE', #1038 ) ;
#441 = FACE_BOUND ( 'NONE', #518, .T. ) ;
#442 = CARTESIAN_POINT ( 'NONE',  ( 1.000000000000013767, 53.53000000000000114, 1.600000000000000089 ) ) ;
#443 = DIRECTION ( 'NONE',  ( -0.000000000000000000, -0.000000000000000000, 1.000000000000000000 ) ) ;
#444 = FACE_BOUND ( 'NONE', #1567, .T. ) ;
#445 = VERTEX_POINT ( 'NONE', #1998 ) ;
#446 = VERTEX_POINT ( 'NONE', #2978 ) ;
#447 = CARTESIAN_POINT ( 'NONE',  ( 66.03999999999999204, 30.43000000000000327, 0.000000000000000000 ) ) ;
#448 = DIRECTION ( 'NONE',  ( 1.000000000000000000, 0.000000000000000000, 0.000000000000000000 ) ) ;
#449 = ORIENTED_EDGE ( 'NONE', *, *, #851, .F. ) ;
#450 = DIRECTION ( 'NONE',  ( 0.000000000000000000, 0.000000000000000000, 1.000000000000000000 ) ) ;
#451 = CARTESIAN_POINT ( 'NONE',  ( 35.55999999999999517, 2.539999999999928981, 1.600000000000000089 ) ) ;
#452 = CARTESIAN_POINT ( 'NONE',  ( 63.04999999999999716, 2.540000000000000036, 0.000000000000000000 ) ) ;
#453 = VECTOR ( 'NONE', #1249, 1000.000000000000000 ) ;
#454 = ORIENTED_EDGE ( 'NONE', *, *, #3046, .F. ) ;
#455 = FACE_BOUND ( 'NONE', #1344, .T. ) ;
#456 = DIRECTION ( 'NONE',  ( -0.000000000000000000, -0.000000000000000000, 1.000000000000000000 ) ) ;
#457 = VECTOR ( 'NONE', #980, 1000.000000000000000 ) ;
#458 = DIRECTION ( 'NONE',  ( 0.000000000000000000, 0.000000000000000000, 1.000000000000000000 ) ) ;
#459 = FACE_BOUND ( 'NONE', #2692, .T. ) ;
#460 = ORIENTED_EDGE ( 'NONE', *, *, #806, .F. ) ;
#461 = VECTOR ( 'NONE', #1928, 1000.000000000000000 ) ;
#462 = EDGE_LOOP ( 'NONE', ( #1141, #285 ) ) ;
#463 = AXIS2_PLACEMENT_3D ( 'NONE', #890, #2108, #2362 ) ;
#464 = CARTESIAN_POINT ( 'NONE',  ( 50.79999999999999716, 2.539999999999911662, 0.000000000000000000 ) ) ;
#465 = AXIS2_PLACEMENT_3D ( 'NONE', #2000, #558, #2498 ) ;
#466 = DIRECTION ( 'NONE',  ( 1.000000000000000000, 0.000000000000000000, 0.000000000000000000 ) ) ;
#467 = ORIENTED_EDGE ( 'NONE', *, *, #852, .T. ) ;
#468 = CARTESIAN_POINT ( 'NONE',  ( 43.17999999999999261, 2.539999999999982272, 0.000000000000000000 ) ) ;
#469 = CARTESIAN_POINT ( 'NONE',  ( 39.10999999999999943, 50.79999999999997584, 0.000000000000000000 ) ) ;
#470 = EDGE_CURVE ( 'NONE', #797, #1598, #803, .T. ) ;
#471 = ADVANCED_FACE ( 'NONE', ( #1388 ), #1826, .F. ) ;
#472 = EDGE_CURVE ( 'NONE', #1708, #2322, #88, .T. ) ;
#473 = VERTEX_POINT ( 'NONE', #400 ) ;
#474 = FACE_BOUND ( 'NONE', #2997, .T. ) ;
#475 = CARTESIAN_POINT ( 'NONE',  ( 53.33999999999999631, 50.79999999999992610, 1.600000000000000089 ) ) ;
#476 = CARTESIAN_POINT ( 'NONE',  ( 0.000000000000000000, 0.000000000000000000, 0.000000000000000000 ) ) ;
#477 = CARTESIAN_POINT ( 'NONE',  ( 1.000000000000013767, 53.53000000000000114, 1.600000000000000089 ) ) ;
#478 = AXIS2_PLACEMENT_3D ( 'NONE', #935, #997, #272 ) ;
#479 = ORIENTED_EDGE ( 'NONE', *, *, #2713, .F. ) ;
#480 = ORIENTED_EDGE ( 'NONE', *, *, #3068, .T. ) ;
#481 = AXIS2_PLACEMENT_3D ( 'NONE', #107, #173, #2273 ) ;
#482 = FACE_OUTER_BOUND ( 'NONE', #2561, .T. ) ;
#483 = DIRECTION ( 'NONE',  ( -0.000000000000000000, -0.000000000000000000, 1.000000000000000000 ) ) ;
#484 = VERTEX_POINT ( 'NONE', #2590 ) ;
#485 = CYLINDRICAL_SURFACE ( 'NONE', #1025, 0.5000000000000004441 ) ;
#486 = LINE ( 'NONE', #2169, #1786 ) ;
#487 = VECTOR ( 'NONE', #2366, 1000.000000000000000 ) ;
#488 = ORIENTED_EDGE ( 'NONE', *, *, #1121, .F. ) ;
#489 = CYLINDRICAL_SURFACE ( 'NONE', #1419, 0.4499999999999990119 ) ;
#490 = EDGE_CURVE ( 'NONE', #2130, #346, #2263, .T. ) ;
#491 = DIRECTION ( 'NONE',  ( 1.000000000000000000, 0.000000000000000000, 0.000000000000000000 ) ) ;
#492 = ADVANCED_FACE ( 'NONE', ( #236 ), #2868, .F. ) ;
#493 = AXIS2_PLACEMENT_3D ( 'NONE', #494, #311, #1290 ) ;
#494 = CARTESIAN_POINT ( 'NONE',  ( 30.47999999999999332, 2.539999999999893898, 1.600000000000000089 ) ) ;
#495 = CIRCLE ( 'NONE', #2361, 0.5000000000000004441 ) ;
#496 = ORIENTED_EDGE ( 'NONE', *, *, #3051, .F. ) ;
#497 = ORIENTED_EDGE ( 'NONE', *, *, #169, .F. ) ;
#498 = CIRCLE ( 'NONE', #1350, 0.4499999999999990119 ) ;
#499 = DIRECTION ( 'NONE',  ( 0.000000000000000000, 0.000000000000000000, 1.000000000000000000 ) ) ;
#500 = DIRECTION ( 'NONE',  ( 0.000000000000000000, 0.000000000000000000, 1.000000000000000000 ) ) ;
#501 = EDGE_CURVE ( 'NONE', #184, #2737, #2005, .T. ) ;
#502 = ORIENTED_EDGE ( 'NONE', *, *, #1651, .T. ) ;
#503 = DIRECTION ( 'NONE',  ( 0.000000000000000000, -0.000000000000000000, -1.000000000000000000 ) ) ;
#504 = DIRECTION ( 'NONE',  ( -0.000000000000000000, -0.000000000000000000, 1.000000000000000000 ) ) ;
#505 = DIRECTION ( 'NONE',  ( 1.000000000000000000, 0.000000000000000000, 0.000000000000000000 ) ) ;
#506 = ORIENTED_EDGE ( 'NONE', *, *, #1749, .T. ) ;
#507 = CYLINDRICAL_SURFACE ( 'NONE', #2851, 0.4999999999999865663 ) ;
#508 = ORIENTED_EDGE ( 'NONE', *, *, #2303, .T. ) ;
#509 = EDGE_LOOP ( 'NONE', ( #188, #2696 ) ) ;
#510 = EDGE_CURVE ( 'NONE', #2737, #184, #2818, .T. ) ;
#511 = CARTESIAN_POINT ( 'NONE',  ( 18.78999999999999915, 50.79999999999984084, 0.000000000000000000 ) ) ;
#512 = DIRECTION ( 'NONE',  ( -0.000000000000000000, -0.000000000000000000, 1.000000000000000000 ) ) ;
#513 = VERTEX_POINT ( 'NONE', #2197 ) ;
#514 = VECTOR ( 'NONE', #1223, 1000.000000000000000 ) ;
#515 = DIRECTION ( 'NONE',  ( 0.000000000000000000, 0.000000000000000000, 1.000000000000000000 ) ) ;
#516 = DIRECTION ( 'NONE',  ( -0.000000000000000000, -0.000000000000000000, 1.000000000000000000 ) ) ;
#517 = CYLINDRICAL_SURFACE ( 'NONE', #2234, 1.000000000000000888 ) ;
#518 = EDGE_LOOP ( 'NONE', ( #1993, #2472 ) ) ;
#519 = DIRECTION ( 'NONE',  ( 1.000000000000000000, 0.000000000000000000, 0.000000000000000000 ) ) ;
#520 = ORIENTED_EDGE ( 'NONE', *, *, #527, .F. ) ;
#521 = VERTEX_POINT ( 'NONE', #2469 ) ;
#522 = EDGE_CURVE ( 'NONE', #2193, #648, #2562, .T. ) ;
#523 = DIRECTION ( 'NONE',  ( -0.000000000000000000, -0.000000000000000000, 1.000000000000000000 ) ) ;
#524 = ORIENTED_EDGE ( 'NONE', *, *, #2069, .T. ) ;
#525 = AXIS2_PLACEMENT_3D ( 'NONE', #1875, #2900, #2886 ) ;
#526 = CARTESIAN_POINT ( 'NONE',  ( 63.49999999999998579, 27.89000000000000057, 1.600000000000000089 ) ) ;
#527 = EDGE_CURVE ( 'NONE', #158, #1970, #1525, .T. ) ;
#528 = CIRCLE ( 'NONE', #3015, 0.4499999999999990119 ) ;
#529 = DIRECTION ( 'NONE',  ( 0.000000000000000000, 0.000000000000000000, 1.000000000000000000 ) ) ;
#530 = CARTESIAN_POINT ( 'NONE',  ( 21.78000000000000114, 50.79999999999986215, 0.000000000000000000 ) ) ;
#531 = CARTESIAN_POINT ( 'NONE',  ( 1.000000000000013767, 52.53000000000000114, 1.600000000000000089 ) ) ;
#532 = EDGE_CURVE ( 'NONE', #484, #735, #1198, .T. ) ;
#533 = PRESENTATION_LAYER_ASSIGNMENT (  '', '', ( #1593 ) ) ;
#534 = ORIENTED_EDGE ( 'NONE', *, *, #2578, .F. ) ;
#535 = CARTESIAN_POINT ( 'NONE',  ( 63.00000000000000000, 27.89000000000000057, 0.000000000000000000 ) ) ;
#536 = AXIS2_PLACEMENT_3D ( 'NONE', #411, #2882, #448 ) ;
#537 = ORIENTED_EDGE ( 'NONE', *, *, #1324, .T. ) ;
#538 = ORIENTED_EDGE ( 'NONE', *, *, #1476, .T. ) ;
#539 = CARTESIAN_POINT ( 'NONE',  ( 63.99999999999998579, 30.43000000000000327, 0.000000000000000000 ) ) ;
#540 = AXIS2_PLACEMENT_3D ( 'NONE', #975, #504, #2477 ) ;
#541 = EDGE_LOOP ( 'NONE', ( #135, #2535, #537, #1182 ) ) ;
#542 = DIRECTION ( 'NONE',  ( -0.000000000000000000, -0.000000000000000000, 1.000000000000000000 ) ) ;
#543 = DIRECTION ( 'NONE',  ( -0.000000000000000000, -0.000000000000000000, 1.000000000000000000 ) ) ;
#544 = DIRECTION ( 'NONE',  ( 0.000000000000000000, 0.000000000000000000, 1.000000000000000000 ) ) ;
#545 = DIRECTION ( 'NONE',  ( -0.000000000000000000, -0.000000000000000000, 1.000000000000000000 ) ) ;
#546 = CARTESIAN_POINT ( 'NONE',  ( 0.000000000000000000, 0.000000000000000000, 0.000000000000000000 ) ) ;
#547 = VERTEX_POINT ( 'NONE', #309 ) ;
#548 = EDGE_LOOP ( 'NONE', ( #330, #2175, #2292, #479 ) ) ;
#549 = VERTEX_POINT ( 'NONE', #2964 ) ;
#550 = CARTESIAN_POINT ( 'NONE',  ( 31.93999999999999773, 50.79999999999992610, 0.000000000000000000 ) ) ;
#551 = LINE ( 'NONE', #96, #2180 ) ;
#552 = ORIENTED_EDGE ( 'NONE', *, *, #1879, .T. ) ;
#553 = ORIENTED_EDGE ( 'NONE', *, *, #2835, .F. ) ;
#554 = CARTESIAN_POINT ( 'NONE',  ( 38.09999999999999432, 2.539999999999946745, 0.000000000000000000 ) ) ;
#555 = AXIS2_PLACEMENT_3D ( 'NONE', #2801, #2580, #695 ) ;
#556 = FACE_OUTER_BOUND ( 'NONE', #813, .T. ) ;
#557 = CARTESIAN_POINT ( 'NONE',  ( 63.04999999999999716, 50.79999999999999716, 0.000000000000000000 ) ) ;
#558 = DIRECTION ( 'NONE',  ( 0.000000000000000000, 0.000000000000000000, 1.000000000000000000 ) ) ;
#559 = DIRECTION ( 'NONE',  ( 0.000000000000000000, 0.000000000000000000, 1.000000000000000000 ) ) ;
#560 = VECTOR ( 'NONE', #1337, 1000.000000000000000 ) ;
#561 = EDGE_CURVE ( 'NONE', #3033, #3081, #3047, .T. ) ;
#562 = CARTESIAN_POINT ( 'NONE',  ( 53.78999999999999915, 2.539999999999928981, 1.600000000000000089 ) ) ;
#563 = ADVANCED_FACE ( 'NONE', ( #2479 ), #788, .F. ) ;
#564 = AXIS2_PLACEMENT_3D ( 'NONE', #531, #605, #2061 ) ;
#565 = VERTEX_POINT ( 'NONE', #1777 ) ;
#566 = ADVANCED_FACE ( 'NONE', ( #992 ), #517, .T. ) ;
#567 = EDGE_LOOP ( 'NONE', ( #1789, #1723, #228, #2967 ) ) ;
#568 = ORIENTED_EDGE ( 'NONE', *, *, #2721, .F. ) ;
#569 = AXIS2_PLACEMENT_3D ( 'NONE', #629, #376, #680 ) ;
#570 = CARTESIAN_POINT ( 'NONE',  ( 21.32999999999999829, 50.79999999999986215, 1.600000000000000089 ) ) ;
#571 = DIRECTION ( 'NONE',  ( 1.000000000000000000, 0.000000000000000000, 0.000000000000000000 ) ) ;
#572 = ORIENTED_EDGE ( 'NONE', *, *, #429, .T. ) ;
#573 = EDGE_LOOP ( 'NONE', ( #1710, #1858 ) ) ;
#574 = CYLINDRICAL_SURFACE ( 'NONE', #661, 0.4499999999999990119 ) ;
#575 = CARTESIAN_POINT ( 'NONE',  ( 29.39999999999999858, 50.79999999999990479, 0.000000000000000000 ) ) ;
#576 = AXIS2_PLACEMENT_3D ( 'NONE', #2349, #2423, #2184 ) ;
#577 = DIRECTION ( 'NONE',  ( 1.000000000000000000, 0.000000000000000000, 0.000000000000000000 ) ) ;
#578 = CIRCLE ( 'NONE', #128, 0.4499999999999990119 ) ;
#579 = DIRECTION ( 'NONE',  ( 0.000000000000000000, 0.000000000000000000, 1.000000000000000000 ) ) ;
#580 = DIRECTION ( 'NONE',  ( -0.000000000000000000, -0.000000000000000000, 1.000000000000000000 ) ) ;
#581 = ORIENTED_EDGE ( 'NONE', *, *, #50, .F. ) ;
#582 = VERTEX_POINT ( 'NONE', #758 ) ;
#583 = ORIENTED_EDGE ( 'NONE', *, *, #1981, .F. ) ;
#584 = CIRCLE ( 'NONE', #744, 0.4499999999999990119 ) ;
#585 = VECTOR ( 'NONE', #204, 1000.000000000000000 ) ;
#586 = DIRECTION ( 'NONE',  ( 1.000000000000000000, 0.000000000000000000, 0.000000000000000000 ) ) ;
#587 = DIRECTION ( 'NONE',  ( 0.000000000000000000, 0.000000000000000000, 1.000000000000000000 ) ) ;
#588 = EDGE_LOOP ( 'NONE', ( #116, #2599, #1757, #2359 ) ) ;
#589 = ORIENTED_EDGE ( 'NONE', *, *, #3109, .T. ) ;
#590 = CYLINDRICAL_SURFACE ( 'NONE', #835, 0.4499999999999990119 ) ;
#591 = CYLINDRICAL_SURFACE ( 'NONE', #2795, 0.4499999999999990119 ) ;
#592 = AXIS2_PLACEMENT_3D ( 'NONE', #1080, #1847, #2819 ) ;
#593 = SURFACE_STYLE_FILL_AREA ( #2734 ) ;
#594 = CYLINDRICAL_SURFACE ( 'NONE', #1635, 0.4500000000000025091 ) ;
#595 = ORIENTED_EDGE ( 'NONE', *, *, #2246, .T. ) ;
#596 = VERTEX_POINT ( 'NONE', #2257 ) ;
#597 = EDGE_LOOP ( 'NONE', ( #175, #1253, #362, #853 ) ) ;
#598 = CARTESIAN_POINT ( 'NONE',  ( 38.54999999999999716, 2.539999999999946745, 0.000000000000000000 ) ) ;
#599 = DIRECTION ( 'NONE',  ( 1.000000000000000000, 0.000000000000000000, 0.000000000000000000 ) ) ;
#600 = ORIENTED_EDGE ( 'NONE', *, *, #284, .F. ) ;
#601 = ORIENTED_EDGE ( 'NONE', *, *, #1947, .T. ) ;
#602 = AXIS2_PLACEMENT_3D ( 'NONE', #2933, #267, #2717 ) ;
#603 = EDGE_CURVE ( 'NONE', #1811, #2135, #1674, .T. ) ;
#604 = DIRECTION ( 'NONE',  ( 0.000000000000000000, 0.000000000000000000, 1.000000000000000000 ) ) ;
#605 = DIRECTION ( 'NONE',  ( 0.000000000000000000, 0.000000000000000000, -1.000000000000000000 ) ) ;
#606 = DIRECTION ( 'NONE',  ( -0.000000000000000000, -0.000000000000000000, 1.000000000000000000 ) ) ;
#607 = CARTESIAN_POINT ( 'NONE',  ( 45.71999999999999886, 2.540000000000000036, 0.000000000000000000 ) ) ;
#608 = AXIS2_PLACEMENT_3D ( 'NONE', #1655, #2885, #2656 ) ;
#609 = CIRCLE ( 'NONE', #818, 0.4499999999999990119 ) ;
#610 = VECTOR ( 'NONE', #811, 1000.000000000000000 ) ;
#611 = ORIENTED_EDGE ( 'NONE', *, *, #2456, .F. ) ;
#612 = ORIENTED_EDGE ( 'NONE', *, *, #1677, .T. ) ;
#613 = DIRECTION ( 'NONE',  ( 0.000000000000000000, 0.000000000000000000, 1.000000000000000000 ) ) ;
#614 = DIRECTION ( 'NONE',  ( 1.000000000000000000, 0.000000000000000000, 0.000000000000000000 ) ) ;
#615 = ORIENTED_EDGE ( 'NONE', *, *, #1927, .T. ) ;
#616 = ORIENTED_EDGE ( 'NONE', *, *, #1058, .F. ) ;
#617 = ADVANCED_FACE ( 'NONE', ( #2690 ), #2990, .F. ) ;
#618 = AXIS2_PLACEMENT_3D ( 'NONE', #2315, #1557, #168 ) ;
#619 = DIRECTION ( 'NONE',  ( -0.000000000000000000, -0.000000000000000000, 1.000000000000000000 ) ) ;
#620 = DIRECTION ( 'NONE',  ( 1.000000000000000000, 0.000000000000000000, 0.000000000000000000 ) ) ;
#621 = CYLINDRICAL_SURFACE ( 'NONE', #875, 0.4499999999999990119 ) ;
#622 = DIRECTION ( 'NONE',  ( -0.000000000000000000, -0.000000000000000000, 1.000000000000000000 ) ) ;
#623 = DIRECTION ( 'NONE',  ( -0.000000000000000000, -0.000000000000000000, 1.000000000000000000 ) ) ;
#624 = DIRECTION ( 'NONE',  ( -0.000000000000000000, -0.000000000000000000, 1.000000000000000000 ) ) ;
#625 = CIRCLE ( 'NONE', #373, 0.4499999999999990119 ) ;
#626 = EDGE_CURVE ( 'NONE', #809, #412, #312, .T. ) ;
#627 = EDGE_LOOP ( 'NONE', ( #2753, #2433, #2264, #2637 ) ) ;
#628 = ORIENTED_EDGE ( 'NONE', *, *, #626, .T. ) ;
#629 = CARTESIAN_POINT ( 'NONE',  ( 28.94999999999999574, 50.79999999999990479, 0.000000000000000000 ) ) ;
#630 = DIRECTION ( 'NONE',  ( 0.000000000000000000, -0.000000000000000000, -1.000000000000000000 ) ) ;
#631 = VECTOR ( 'NONE', #1763, 1000.000000000000000 ) ;
#632 = ORIENTED_EDGE ( 'NONE', *, *, #603, .F. ) ;
#633 = EDGE_LOOP ( 'NONE', ( #2771, #790 ) ) ;
#634 = CIRCLE ( 'NONE', #2412, 0.4999999999999865663 ) ;
#635 = FACE_OUTER_BOUND ( 'NONE', #958, .T. ) ;
#636 = CARTESIAN_POINT ( 'NONE',  ( 63.99999999999998579, 25.35000000000000142, 0.000000000000000000 ) ) ;
#637 = CYLINDRICAL_SURFACE ( 'NONE', #2649, 0.4499999999999990119 ) ;
#638 = VECTOR ( 'NONE', #1560, 1000.000000000000000 ) ;
#639 = AXIS2_PLACEMENT_3D ( 'NONE', #1241, #515, #1942 ) ;
#640 = CARTESIAN_POINT ( 'NONE',  ( 50.79999999999999716, 2.539999999999911662, 0.000000000000000000 ) ) ;
#641 = AXIS2_PLACEMENT_3D ( 'NONE', #1023, #1961, #2438 ) ;
#642 = ORIENTED_EDGE ( 'NONE', *, *, #1384, .F. ) ;
#643 = FACE_BOUND ( 'NONE', #1063, .T. ) ;
#644 = CARTESIAN_POINT ( 'NONE',  ( 66.04000000000000625, 27.89000000000000057, 1.600000000000000089 ) ) ;
#645 = CARTESIAN_POINT ( 'NONE',  ( 68.00000000000001421, 52.53000000000000114, 1.600000000000000089 ) ) ;
#646 = FACE_BOUND ( 'NONE', #986, .T. ) ;
#647 = EDGE_LOOP ( 'NONE', ( #672, #2190, #2706, #1501 ) ) ;
#648 = VERTEX_POINT ( 'NONE', #2719 ) ;
#649 = CARTESIAN_POINT ( 'NONE',  ( 31.48999999999999844, 50.79999999999992610, 1.600000000000000089 ) ) ;
#650 = FACE_OUTER_BOUND ( 'NONE', #2204, .T. ) ;
#651 = ORIENTED_EDGE ( 'NONE', *, *, #1258, .F. ) ;
#652 = LINE ( 'NONE', #2606, #487 ) ;
#653 = AXIS2_PLACEMENT_3D ( 'NONE', #1357, #2424, #1164 ) ;
#654 = CARTESIAN_POINT ( 'NONE',  ( 38.09999999999999432, 2.539999999999946745, 1.600000000000000089 ) ) ;
#655 = ADVANCED_FACE ( 'NONE', ( #86 ), #1244, .F. ) ;
#656 = CARTESIAN_POINT ( 'NONE',  ( 53.33999999999999631, 50.79999999999992610, 0.000000000000000000 ) ) ;
#657 = EDGE_CURVE ( 'NONE', #944, #158, #1509, .T. ) ;
#658 = ADVANCED_FACE ( 'NONE', ( #805 ), #817, .F. ) ;
#659 = VERTEX_POINT ( 'NONE', #777 ) ;
#660 = DIRECTION ( 'NONE',  ( 1.000000000000000000, 0.000000000000000000, 0.000000000000000000 ) ) ;
#661 = AXIS2_PLACEMENT_3D ( 'NONE', #554, #2790, #1037 ) ;
#662 = CARTESIAN_POINT ( 'NONE',  ( 21.78000000000000114, 50.79999999999986215, 0.000000000000000000 ) ) ;
#663 = ADVANCED_FACE ( 'NONE', ( #1731 ), #2702, .T. ) ;
#664 = CARTESIAN_POINT ( 'NONE',  ( 45.26999999999999602, 50.79999999999987637, 1.600000000000000089 ) ) ;
#665 = VECTOR ( 'NONE', #363, 1000.000000000000000 ) ;
#666 = CARTESIAN_POINT ( 'NONE',  ( 67.00000000000001421, 52.53000000000000114, 0.000000000000000000 ) ) ;
#667 = ORIENTED_EDGE ( 'NONE', *, *, #1121, .T. ) ;
#668 = ORIENTED_EDGE ( 'NONE', *, *, #2388, .F. ) ;
#669 = ADVANCED_FACE ( 'NONE', ( #2300 ), #368, .F. ) ;
#670 = CARTESIAN_POINT ( 'NONE',  ( 23.41999999999999815, 50.79999999999987637, 0.000000000000000000 ) ) ;
#671 = CARTESIAN_POINT ( 'NONE',  ( 33.01999999999999602, 2.539999999999911662, 0.000000000000000000 ) ) ;
#672 = ORIENTED_EDGE ( 'NONE', *, *, #2685, .F. ) ;
#673 = DIRECTION ( 'NONE',  ( 1.000000000000000000, 0.000000000000000000, 0.000000000000000000 ) ) ;
#674 = DIRECTION ( 'NONE',  ( 0.000000000000000000, 0.000000000000000000, 1.000000000000000000 ) ) ;
#675 = CARTESIAN_POINT ( 'NONE',  ( 30.47999999999999332, 2.539999999999893898, 0.000000000000000000 ) ) ;
#676 = ORIENTED_EDGE ( 'NONE', *, *, #1463, .F. ) ;
#677 = FACE_BOUND ( 'NONE', #108, .T. ) ;
#678 = DIRECTION ( 'NONE',  ( -0.000000000000000000, -0.000000000000000000, 1.000000000000000000 ) ) ;
#679 = PRODUCT_DEFINITION_CONTEXT ( 'detailed design', #2521, 'design' ) ;
#680 = DIRECTION ( 'NONE',  ( 1.000000000000000000, 0.000000000000000000, 0.000000000000000000 ) ) ;
#681 = FACE_BOUND ( 'NONE', #2065, .T. ) ;
#682 = ORIENTED_EDGE ( 'NONE', *, *, #1651, .F. ) ;
#683 = ORIENTED_EDGE ( 'NONE', *, *, #2908, .T. ) ;
#684 = CARTESIAN_POINT ( 'NONE',  ( 30.47999999999999332, 2.539999999999893898, 1.600000000000000089 ) ) ;
#685 = CIRCLE ( 'NONE', #37, 0.4499999999999990119 ) ;
#686 = CARTESIAN_POINT ( 'NONE',  ( 34.03000000000000114, 50.79999999999994031, 0.000000000000000000 ) ) ;
#687 = ORIENTED_EDGE ( 'NONE', *, *, #2181, .T. ) ;
#688 = VECTOR ( 'NONE', #512, 1000.000000000000000 ) ;
#689 = DIRECTION ( 'NONE',  ( -0.000000000000000000, -0.000000000000000000, 1.000000000000000000 ) ) ;
#690 = CARTESIAN_POINT ( 'NONE',  ( 1.000000000000000222, 0.000000000000000000, 0.000000000000000000 ) ) ;
#691 = FACE_OUTER_BOUND ( 'NONE', #548, .T. ) ;
#692 = ORIENTED_EDGE ( 'NONE', *, *, #561, .T. ) ;
#693 = DIRECTION ( 'NONE',  ( 0.000000000000000000, 0.000000000000000000, 1.000000000000000000 ) ) ;
#694 = CARTESIAN_POINT ( 'NONE',  ( 34.03000000000000114, 50.79999999999994031, 0.000000000000000000 ) ) ;
#695 = DIRECTION ( 'NONE',  ( 2.592525277006249895E-16, 1.000000000000000000, 0.000000000000000000 ) ) ;
#696 = ORIENTED_EDGE ( 'NONE', *, *, #206, .F. ) ;
#697 = ORIENTED_EDGE ( 'NONE', *, *, #763, .F. ) ;
#698 = EDGE_CURVE ( 'NONE', #1119, #2956, #2387, .T. ) ;
#699 = CARTESIAN_POINT ( 'NONE',  ( 31.48999999999999844, 50.79999999999992610, 1.600000000000000089 ) ) ;
#700 = EDGE_CURVE ( 'NONE', #2473, #888, #61, .T. ) ;
#701 = CARTESIAN_POINT ( 'NONE',  ( 63.50000000000000000, 50.79999999999999716, 0.000000000000000000 ) ) ;
#702 = ORIENTED_EDGE ( 'NONE', *, *, #1086, .T. ) ;
#703 = CARTESIAN_POINT ( 'NONE',  ( 2.592525277006264193E-16, 1.000000000000000888, 1.600000000000000089 ) ) ;
#704 = ADVANCED_FACE ( 'NONE', ( #1808 ), #637, .F. ) ;
#705 = DIRECTION ( 'NONE',  ( 0.000000000000000000, 0.000000000000000000, 1.000000000000000000 ) ) ;
#706 = CARTESIAN_POINT ( 'NONE',  ( 63.00000000000001421, 30.43000000000000327, 0.000000000000000000 ) ) ;
#707 = PRODUCT ( 'PCB Arduino', 'PCB Arduino', '', ( #1233 ) ) ;
#708 = VERTEX_POINT ( 'NONE', #396 ) ;
#709 = FACE_BOUND ( 'NONE', #1682, .T. ) ;
#710 = CARTESIAN_POINT ( 'NONE',  ( 68.00000000000002842, 1.000000000000000888, 1.600000000000000089 ) ) ;
#711 = AXIS2_PLACEMENT_3D ( 'NONE', #2019, #2891, #5 ) ;
#712 = APPLICATION_PROTOCOL_DEFINITION ( 'draft international standard', 'automotive_design', 1998, #197 ) ;
#713 = FACE_OUTER_BOUND ( 'NONE', #2983, .T. ) ;
#714 = EDGE_LOOP ( 'NONE', ( #1308, #2012 ) ) ;
#715 = ORIENTED_EDGE ( 'NONE', *, *, #2415, .T. ) ;
#716 = AXIS2_PLACEMENT_3D ( 'NONE', #464, #876, #1617 ) ;
#717 = CARTESIAN_POINT ( 'NONE',  ( 63.00000000000001421, 30.43000000000000327, 1.600000000000000089 ) ) ;
#718 = AXIS2_PLACEMENT_3D ( 'NONE', #1497, #1747, #1482 ) ;
#719 = CYLINDRICAL_SURFACE ( 'NONE', #2971, 0.4499999999999990119 ) ;
#720 = VERTEX_POINT ( 'NONE', #1082 ) ;
#721 = CARTESIAN_POINT ( 'NONE',  ( 1.000000000000000222, 1.000000000000000000, 1.600000000000000089 ) ) ;
#722 = FACE_OUTER_BOUND ( 'NONE', #2888, .T. ) ;
#723 = CARTESIAN_POINT ( 'NONE',  ( 36.11999999999999744, 50.79999999999996163, 0.000000000000000000 ) ) ;
#724 = ADVANCED_FACE ( 'NONE', ( #2513 ), #621, .F. ) ;
#725 = AXIS2_PLACEMENT_3D ( 'NONE', #1153, #871, #1375 ) ;
#726 = CIRCLE ( 'NONE', #1128, 0.4499999999999990119 ) ;
#728 = ADVANCED_FACE ( 'NONE', ( #1305 ), #1586, .F. ) ;
#727 = AXIS2_PLACEMENT_3D ( 'NONE', #2778, #1793, #3067 ) ;
#729 = ORIENTED_EDGE ( 'NONE', *, *, #2939, .T. ) ;
#730 = CARTESIAN_POINT ( 'NONE',  ( 30.02999999999999048, 2.539999999999893898, 1.600000000000000089 ) ) ;
#731 = EDGE_CURVE ( 'NONE', #412, #2023, #2030, .T. ) ;
#732 = DIRECTION ( 'NONE',  ( -0.000000000000000000, -0.000000000000000000, 1.000000000000000000 ) ) ;
#733 = AXIS2_PLACEMENT_3D ( 'NONE', #2718, #1999, #2211 ) ;
#734 = CARTESIAN_POINT ( 'NONE',  ( 46.16999999999999460, 2.540000000000000036, 0.000000000000000000 ) ) ;
#735 = VERTEX_POINT ( 'NONE', #1340 ) ;
#736 = ORIENTED_EDGE ( 'NONE', *, *, #3008, .F. ) ;
#737 = AXIS2_PLACEMENT_3D ( 'NONE', #1960, #2934, #45 ) ;
#738 = CARTESIAN_POINT ( 'NONE',  ( 65.53999999999999204, 25.35000000000000142, 0.000000000000000000 ) ) ;
#739 = DIRECTION ( 'NONE',  ( 1.000000000000000000, 0.000000000000000000, 0.000000000000000000 ) ) ;
#740 = ORIENTED_EDGE ( 'NONE', *, *, #2249, .T. ) ;
#741 = DIRECTION ( 'NONE',  ( -0.000000000000000000, -0.000000000000000000, 1.000000000000000000 ) ) ;
#742 = DIRECTION ( 'NONE',  ( 1.000000000000000000, 0.000000000000000000, 0.000000000000000000 ) ) ;
#743 = CARTESIAN_POINT ( 'NONE',  ( 46.16999999999999460, 2.540000000000000036, 0.000000000000000000 ) ) ;
#744 = AXIS2_PLACEMENT_3D ( 'NONE', #1152, #3095, #1407 ) ;
#745 = DIRECTION ( 'NONE',  ( 1.000000000000000000, 0.000000000000000000, 0.000000000000000000 ) ) ;
#746 = VECTOR ( 'NONE', #1750, 1000.000000000000000 ) ;
#747 = CARTESIAN_POINT ( 'NONE',  ( 43.17999999999999261, 2.539999999999982272, 0.000000000000000000 ) ) ;
#748 = VECTOR ( 'NONE', #774, 1000.000000000000000 ) ;
#749 = ORIENTED_EDGE ( 'NONE', *, *, #2736, .T. ) ;
#750 = EDGE_LOOP ( 'NONE', ( #2233, #488 ) ) ;
#751 = LINE ( 'NONE', #738, #2537 ) ;
#752 = ORIENTED_EDGE ( 'NONE', *, *, #820, .F. ) ;
#753 = EDGE_LOOP ( 'NONE', ( #2575, #1925 ) ) ;
#754 = DIRECTION ( 'NONE',  ( -0.000000000000000000, -0.000000000000000000, 1.000000000000000000 ) ) ;
#755 = DIRECTION ( 'NONE',  ( 0.000000000000000000, 0.000000000000000000, 1.000000000000000000 ) ) ;
#756 = FACE_OUTER_BOUND ( 'NONE', #1, .T. ) ;
#757 = DIRECTION ( 'NONE',  ( 1.000000000000000000, 0.000000000000000000, 0.000000000000000000 ) ) ;
#758 = CARTESIAN_POINT ( 'NONE',  ( 66.53999999999999204, 25.35000000000000142, 1.600000000000000089 ) ) ;
#759 = CARTESIAN_POINT ( 'NONE',  ( 63.04999999999999716, 2.540000000000000036, 0.000000000000000000 ) ) ;
#760 = EDGE_CURVE ( 'NONE', #374, #2087, #1821, .T. ) ;
#761 = ORIENTED_EDGE ( 'NONE', *, *, #12, .T. ) ;
#762 = CARTESIAN_POINT ( 'NONE',  ( 37.64999999999999858, 2.539999999999946745, 0.000000000000000000 ) ) ;
#763 = EDGE_CURVE ( 'NONE', #846, #1758, #2094, .T. ) ;
#764 = AXIS2_PLACEMENT_3D ( 'NONE', #654, #1386, #1420 ) ;
#765 =( LENGTH_UNIT ( ) NAMED_UNIT ( * ) SI_UNIT ( .MILLI., .METRE. ) );
#766 = CIRCLE ( 'NONE', #1010, 0.4499999999999990119 ) ;
#767 = VERTEX_POINT ( 'NONE', #341 ) ;
#768 = ORIENTED_EDGE ( 'NONE', *, *, #2014, .T. ) ;
#769 = ADVANCED_FACE ( 'NONE', ( #2271 ), #591, .F. ) ;
#770 = DIRECTION ( 'NONE',  ( -0.000000000000000000, -0.000000000000000000, 1.000000000000000000 ) ) ;
#771 = ORIENTED_EDGE ( 'NONE', *, *, #2831, .F. ) ;
#772 = CIRCLE ( 'NONE', #967, 0.4999999999999865663 ) ;
#773 = ADVANCED_FACE ( 'NONE', ( #1067 ), #863, .F. ) ;
#774 = DIRECTION ( 'NONE',  ( -0.000000000000000000, -0.000000000000000000, 1.000000000000000000 ) ) ;
#775 = CYLINDRICAL_SURFACE ( 'NONE', #733, 0.4499999999999990119 ) ;
#776 = CIRCLE ( 'NONE', #1574, 0.4999999999999865663 ) ;
#777 = CARTESIAN_POINT ( 'NONE',  ( 41.08999999999999631, 2.539999999999964508, 0.000000000000000000 ) ) ;
#778 = VERTEX_POINT ( 'NONE', #1368 ) ;
#779 = CARTESIAN_POINT ( 'NONE',  ( 28.94999999999999574, 50.79999999999990479, 0.000000000000000000 ) ) ;
#780 = EDGE_LOOP ( 'NONE', ( #1805, #538, #2892, #1098 ) ) ;
#781 = ORIENTED_EDGE ( 'NONE', *, *, #522, .T. ) ;
#782 = FACE_OUTER_BOUND ( 'NONE', #2883, .T. ) ;
#783 = ORIENTED_EDGE ( 'NONE', *, *, #2716, .T. ) ;
#784 = AXIS2_PLACEMENT_3D ( 'NONE', #1421, #2368, #2383 ) ;
#785 = DIRECTION ( 'NONE',  ( 1.000000000000000000, 0.000000000000000000, 0.000000000000000000 ) ) ;
#786 = DIRECTION ( 'NONE',  ( 1.000000000000000000, 0.000000000000000000, 0.000000000000000000 ) ) ;
#787 = DIRECTION ( 'NONE',  ( -0.000000000000000000, -0.000000000000000000, 1.000000000000000000 ) ) ;
#788 = CYLINDRICAL_SURFACE ( 'NONE', #163, 0.4500000000000025091 ) ;
#789 = AXIS2_PLACEMENT_3D ( 'NONE', #436, #450, #673 ) ;
#790 = ORIENTED_EDGE ( 'NONE', *, *, #171, .F. ) ;
#791 = VECTOR ( 'NONE', #1939, 1000.000000000000000 ) ;
#792 = ORIENTED_EDGE ( 'NONE', *, *, #1416, .F. ) ;
#793 = EDGE_LOOP ( 'NONE', ( #2776, #2072, #692, #145 ) ) ;
#794 = CIRCLE ( 'NONE', #2833, 0.4499999999999990119 ) ;
#795 = DIRECTION ( 'NONE',  ( -0.000000000000000000, -0.000000000000000000, 1.000000000000000000 ) ) ;
#796 = AXIS2_PLACEMENT_3D ( 'NONE', #932, #2386, #2225 ) ;
#797 = VERTEX_POINT ( 'NONE', #2327 ) ;
#798 = ORIENTED_EDGE ( 'NONE', *, *, #561, .F. ) ;
#799 = EDGE_CURVE ( 'NONE', #215, #3085, #318, .T. ) ;
#800 = ADVANCED_FACE ( 'NONE', ( #355 ), #1323, .F. ) ;
#801 = CARTESIAN_POINT ( 'NONE',  ( 63.50000000000000000, 30.43000000000000327, 1.600000000000000089 ) ) ;
#802 = EDGE_CURVE ( 'NONE', #2087, #1424, #1579, .T. ) ;
#803 = LINE ( 'NONE', #2617, #385 ) ;
#804 = DIRECTION ( 'NONE',  ( 1.000000000000000000, 0.000000000000000000, 0.000000000000000000 ) ) ;
#805 = FACE_OUTER_BOUND ( 'NONE', #1599, .T. ) ;
#806 = EDGE_CURVE ( 'NONE', #1818, #440, #1991, .T. ) ;
#807 = LINE ( 'NONE', #477, #2814 ) ;
#808 = ORIENTED_EDGE ( 'NONE', *, *, #3043, .F. ) ;
#809 = VERTEX_POINT ( 'NONE', #988 ) ;
#810 = AXIS2_PLACEMENT_3D ( 'NONE', #2534, #1317, #571 ) ;
#811 = DIRECTION ( 'NONE',  ( -0.000000000000000000, -0.000000000000000000, 1.000000000000000000 ) ) ;
#812 = DIRECTION ( 'NONE',  ( 1.000000000000000000, 0.000000000000000000, 0.000000000000000000 ) ) ;
#813 = EDGE_LOOP ( 'NONE', ( #3099, #2269, #2788, #2565 ) ) ;
#814 = ORIENTED_EDGE ( 'NONE', *, *, #3049, .T. ) ;
#815 = CARTESIAN_POINT ( 'NONE',  ( 1.000000000000000222, 0.000000000000000000, 1.600000000000000089 ) ) ;
#816 = CARTESIAN_POINT ( 'NONE',  ( 36.57000000000000028, 50.79999999999996163, 0.000000000000000000 ) ) ;
#817 = CYLINDRICAL_SURFACE ( 'NONE', #2902, 0.5000000000000004441 ) ;
#818 = AXIS2_PLACEMENT_3D ( 'NONE', #1632, #1111, #2880 ) ;
#819 = AXIS2_PLACEMENT_3D ( 'NONE', #511, #1725, #1921 ) ;
#820 = EDGE_CURVE ( 'NONE', #2929, #1629, #2182, .T. ) ;
#821 = CARTESIAN_POINT ( 'NONE',  ( 32.56999999999999318, 2.539999999999911662, 0.000000000000000000 ) ) ;
#822 = ORIENTED_EDGE ( 'NONE', *, *, #2541, .F. ) ;
#823 = EDGE_CURVE ( 'NONE', #162, #1984, #1829, .T. ) ;
#824 = VERTEX_POINT ( 'NONE', #292 ) ;
#825 = ORIENTED_EDGE ( 'NONE', *, *, #2918, .F. ) ;
#826 = EDGE_CURVE ( 'NONE', #1119, #1888, #1449, .T. ) ;
#827 = DIRECTION ( 'NONE',  ( -0.000000000000000000, -0.000000000000000000, 1.000000000000000000 ) ) ;
#828 = CARTESIAN_POINT ( 'NONE',  ( 36.57000000000000028, 50.79999999999996163, 1.600000000000000089 ) ) ;
#829 = EDGE_LOOP ( 'NONE', ( #2815, #2798, #347, #2170 ) ) ;
#830 = ORIENTED_EDGE ( 'NONE', *, *, #2768, .T. ) ;
#831 = DIRECTION ( 'NONE',  ( 1.000000000000000000, 0.000000000000000000, 0.000000000000000000 ) ) ;
#832 = CARTESIAN_POINT ( 'NONE',  ( 43.17999999999999261, 2.539999999999982272, 1.600000000000000089 ) ) ;
#833 = AXIS2_PLACEMENT_3D ( 'NONE', #2781, #1354, #2317 ) ;
#834 = DIRECTION ( 'NONE',  ( -0.000000000000000000, -0.000000000000000000, 1.000000000000000000 ) ) ;
#835 = AXIS2_PLACEMENT_3D ( 'NONE', #2763, #354, #121 ) ;
#836 = DIRECTION ( 'NONE',  ( -0.000000000000000000, -0.000000000000000000, 1.000000000000000000 ) ) ;
#837 = LINE ( 'NONE', #384, #2665 ) ;
#838 = ORIENTED_EDGE ( 'NONE', *, *, #851, .T. ) ;
#839 = AXIS2_PLACEMENT_3D ( 'NONE', #2612, #2372, #1441 ) ;
#840 = ORIENTED_EDGE ( 'NONE', *, *, #1422, .T. ) ;
#841 = ORIENTED_EDGE ( 'NONE', *, *, #1783, .T. ) ;
#842 = CIRCLE ( 'NONE', #380, 0.4499999999999990119 ) ;
#843 = CARTESIAN_POINT ( 'NONE',  ( 60.96000000000000085, 50.79999999999997584, 0.000000000000000000 ) ) ;
#844 = CARTESIAN_POINT ( 'NONE',  ( 58.86999999999999744, 50.79999999999996163, 0.000000000000000000 ) ) ;
#845 = VERTEX_POINT ( 'NONE', #1227 ) ;
#846 = VERTEX_POINT ( 'NONE', #1254 ) ;
#847 = DIRECTION ( 'NONE',  ( 1.000000000000000000, 0.000000000000000000, 0.000000000000000000 ) ) ;
#848 = DIRECTION ( 'NONE',  ( 0.000000000000000000, 0.000000000000000000, 1.000000000000000000 ) ) ;
#849 = DIRECTION ( 'NONE',  ( 1.000000000000000000, 0.000000000000000000, 0.000000000000000000 ) ) ;
#850 = DIRECTION ( 'NONE',  ( 1.000000000000000000, 0.000000000000000000, 0.000000000000000000 ) ) ;
#851 = EDGE_CURVE ( 'NONE', #80, #1110, #266, .T. ) ;
#852 = EDGE_CURVE ( 'NONE', #3064, #944, #87, .T. ) ;
#853 = ORIENTED_EDGE ( 'NONE', *, *, #1316, .F. ) ;
#854 = ORIENTED_EDGE ( 'NONE', *, *, #2014, .F. ) ;
#855 = CARTESIAN_POINT ( 'NONE',  ( 58.42000000000000171, 2.539999999999964508, 0.000000000000000000 ) ) ;
#856 = CYLINDRICAL_SURFACE ( 'NONE', #2576, 0.4500000000000025091 ) ;
#857 = EDGE_LOOP ( 'NONE', ( #1348, #2789, #524, #260 ) ) ;
#858 = EDGE_CURVE ( 'NONE', #1311, #1634, #1453, .T. ) ;
#859 = VERTEX_POINT ( 'NONE', #305 ) ;
#860 = CIRCLE ( 'NONE', #2631, 0.4499999999999990119 ) ;
#861 = CARTESIAN_POINT ( 'NONE',  ( 39.55999999999999517, 50.79999999999997584, 1.600000000000000089 ) ) ;
#862 = DIRECTION ( 'NONE',  ( 1.000000000000000000, 0.000000000000000000, 0.000000000000000000 ) ) ;
#863 = CYLINDRICAL_SURFACE ( 'NONE', #3057, 0.4499999999999990119 ) ;
#864 = EDGE_CURVE ( 'NONE', #1828, #2209, #1707, .T. ) ;
#865 = AXIS2_PLACEMENT_3D ( 'NONE', #747, #953, #2735 ) ;
#866 = DIRECTION ( 'NONE',  ( 1.000000000000000000, 0.000000000000000000, 0.000000000000000000 ) ) ;
#867 = DIRECTION ( 'NONE',  ( 1.000000000000000000, 0.000000000000000000, 0.000000000000000000 ) ) ;
#868 = AXIS2_PLACEMENT_3D ( 'NONE', #649, #1174, #3101 ) ;
#869 = ORIENTED_EDGE ( 'NONE', *, *, #7, .F. ) ;
#870 = VERTEX_POINT ( 'NONE', #2947 ) ;
#871 = DIRECTION ( 'NONE',  ( 0.000000000000000000, 0.000000000000000000, 1.000000000000000000 ) ) ;
#872 = DIRECTION ( 'NONE',  ( 1.000000000000000000, 0.000000000000000000, 0.000000000000000000 ) ) ;
#873 = ORIENTED_EDGE ( 'NONE', *, *, #987, .F. ) ;
#874 = ORIENTED_EDGE ( 'NONE', *, *, #1027, .F. ) ;
#875 = AXIS2_PLACEMENT_3D ( 'NONE', #3053, #2540, #122 ) ;
#876 = DIRECTION ( 'NONE',  ( 0.000000000000000000, 0.000000000000000000, 1.000000000000000000 ) ) ;
#877 = CARTESIAN_POINT ( 'NONE',  ( 40.63999999999999346, 2.539999999999964508, 0.000000000000000000 ) ) ;
#878 = DIRECTION ( 'NONE',  ( 1.000000000000000000, 0.000000000000000000, 0.000000000000000000 ) ) ;
#879 = AXIS2_PLACEMENT_3D ( 'NONE', #2732, #1715, #505 ) ;
#880 = CARTESIAN_POINT ( 'NONE',  ( 66.03999999999999204, 25.35000000000000142, 0.000000000000000000 ) ) ;
#881 = AXIS2_PLACEMENT_3D ( 'NONE', #1451, #187, #2849 ) ;
#882 = ORIENTED_EDGE ( 'NONE', *, *, #823, .T. ) ;
#883 = CARTESIAN_POINT ( 'NONE',  ( 30.92999999999999616, 2.539999999999893898, 0.000000000000000000 ) ) ;
#884 = CARTESIAN_POINT ( 'NONE',  ( 50.35000000000000142, 50.79999999999990479, 0.000000000000000000 ) ) ;
#885 = FACE_BOUND ( 'NONE', #1595, .T. ) ;
#886 = AXIS2_PLACEMENT_3D ( 'NONE', #1872, #2587, #1667 ) ;
#887 = ORIENTED_EDGE ( 'NONE', *, *, #852, .F. ) ;
#888 = VERTEX_POINT ( 'NONE', #3137 ) ;
#889 = ADVANCED_FACE ( 'NONE', ( #1505 ), #1019, .F. ) ;
#890 = CARTESIAN_POINT ( 'NONE',  ( 40.63999999999999346, 2.539999999999964508, 0.000000000000000000 ) ) ;
#891 = CARTESIAN_POINT ( 'NONE',  ( 50.35000000000000142, 50.79999999999990479, 1.600000000000000089 ) ) ;
#892 = DIRECTION ( 'NONE',  ( 0.000000000000000000, 0.000000000000000000, -1.000000000000000000 ) ) ;
#893 = EDGE_LOOP ( 'NONE', ( #345, #1937, #2449, #1398 ) ) ;
#894 = ADVANCED_FACE ( 'NONE', ( #43 ), #1003, .F. ) ;
#895 = EDGE_CURVE ( 'NONE', #2841, #2553, #2714, .T. ) ;
#896 = VECTOR ( 'NONE', #358, 1000.000000000000000 ) ;
#897 = DIRECTION ( 'NONE',  ( -0.000000000000000000, -0.000000000000000000, 1.000000000000000000 ) ) ;
#898 = AXIS2_PLACEMENT_3D ( 'NONE', #721, #1959, #1703 ) ;
#899 = CYLINDRICAL_SURFACE ( 'NONE', #2549, 0.5000000000000004441 ) ;
#900 = ADVANCED_FACE ( 'NONE', ( #2194 ), #1492, .F. ) ;
#901 = EDGE_LOOP ( 'NONE', ( #825, #2052 ) ) ;
#902 = FACE_BOUND ( 'NONE', #2011, .T. ) ;
#903 = CARTESIAN_POINT ( 'NONE',  ( 67.00000000000002842, 1.000000000000000888, 1.600000000000000089 ) ) ;
#904 = DIRECTION ( 'NONE',  ( -2.592525277006249895E-16, 1.000000000000000000, -0.000000000000000000 ) ) ;
#905 = CARTESIAN_POINT ( 'NONE',  ( 63.00000000000000000, 27.89000000000000057, 0.000000000000000000 ) ) ;
#906 = ORIENTED_EDGE ( 'NONE', *, *, #2924, .T. ) ;
#907 = ORIENTED_EDGE ( 'NONE', *, *, #1688, .T. ) ;
#908 = DIRECTION ( 'NONE',  ( 1.000000000000000000, 0.000000000000000000, 0.000000000000000000 ) ) ;
#909 = DIRECTION ( 'NONE',  ( 0.000000000000000000, 0.000000000000000000, -1.000000000000000000 ) ) ;
#910 = ORIENTED_EDGE ( 'NONE', *, *, #991, .F. ) ;
#911 = VECTOR ( 'NONE', #989, 1000.000000000000000 ) ;
#912 = CYLINDRICAL_SURFACE ( 'NONE', #2533, 0.4500000000000059508 ) ;
#913 = DIRECTION ( 'NONE',  ( 1.000000000000000000, 0.000000000000000000, 0.000000000000000000 ) ) ;
#914 = DIRECTION ( 'NONE',  ( 0.000000000000000000, 0.000000000000000000, 1.000000000000000000 ) ) ;
#915 = CLOSED_SHELL ( 'NONE', ( #1510, #1648, #95, #1508, #1726, #2440, #372, #669, #728, #1222, #1738, #1116, #1259, #1608, #1884, #1096, #800, #2483, #1840, #2804, #2859, #2538, #1741, #1127, #2842, #2505, #1553, #773, #1814, #2350, #2969, #1800, #889, #142, #2675, #617, #202, #769, #1165, #2779, #2813, #894, #65, #1224, #165, #1495, #1231, #658, #3010, #3102, #492, #1034, #2385, #390, #471, #1920, #2879, #2013, #2009, #432, #3019, #1880, #1245, #704, #1945, #900, #1878, #2064, #2503, #2872, #563, #724, #1459, #2486, #2156, #249, #72, #2572, #2772, #2409, #333, #655, #663, #566, #2218, #1054 ) ) ;
#916 = EDGE_CURVE ( 'NONE', #1899, #2994, #2686, .T. ) ;
#917 = EDGE_LOOP ( 'NONE', ( #1057, #1490 ) ) ;
#918 = FACE_BOUND ( 'NONE', #2566, .T. ) ;
#919 = VECTOR ( 'NONE', #1664, 1000.000000000000000 ) ;
#920 = DIRECTION ( 'NONE',  ( 0.000000000000000000, 0.000000000000000000, 1.000000000000000000 ) ) ;
#921 = DIRECTION ( 'NONE',  ( 1.000000000000000000, 0.000000000000000000, 0.000000000000000000 ) ) ;
#922 = FACE_BOUND ( 'NONE', #409, .T. ) ;
#923 = ORIENTED_EDGE ( 'NONE', *, *, #3070, .T. ) ;
#924 = ORIENTED_EDGE ( 'NONE', *, *, #1543, .T. ) ;
#925 = CARTESIAN_POINT ( 'NONE',  ( 1.387778780781445676E-14, 53.53000000000000114, 1.600000000000000089 ) ) ;
#926 = DIRECTION ( 'NONE',  ( 1.000000000000000000, 0.000000000000000000, 0.000000000000000000 ) ) ;
#927 = ORIENTED_EDGE ( 'NONE', *, *, #99, .F. ) ;
#928 = DIRECTION ( 'NONE',  ( 1.000000000000000000, 0.000000000000000000, 0.000000000000000000 ) ) ;
#929 = DIRECTION ( 'NONE',  ( -0.000000000000000000, -0.000000000000000000, 1.000000000000000000 ) ) ;
#930 = DIRECTION ( 'NONE',  ( 1.000000000000000000, 0.000000000000000000, 0.000000000000000000 ) ) ;
#931 = CIRCLE ( 'NONE', #1333, 0.4499999999999990119 ) ;
#932 = CARTESIAN_POINT ( 'NONE',  ( 58.42000000000000171, 2.539999999999964508, 1.600000000000000089 ) ) ;
#933 = AXIS2_PLACEMENT_3D ( 'NONE', #2196, #1287, #1973 ) ;
#934 = EDGE_LOOP ( 'NONE', ( #2648, #1486, #955, #2699 ) ) ;
#935 = CARTESIAN_POINT ( 'NONE',  ( 0.000000000000000000, 0.000000000000000000, 1.600000000000000089 ) ) ;
#936 = CYLINDRICAL_SURFACE ( 'NONE', #2046, 0.4499999999999990119 ) ;
#937 = DIRECTION ( 'NONE',  ( 1.000000000000000000, 0.000000000000000000, 0.000000000000000000 ) ) ;
#938 = FACE_BOUND ( 'NONE', #149, .T. ) ;
#939 = VERTEX_POINT ( 'NONE', #2282 ) ;
#940 = EDGE_LOOP ( 'NONE', ( #1881, #2444, #480, #2846 ) ) ;
#941 = CARTESIAN_POINT ( 'NONE',  ( 38.09999999999999432, 2.539999999999946745, 0.000000000000000000 ) ) ;
#942 = CIRCLE ( 'NONE', #2809, 0.4499999999999990119 ) ;
#943 = DIRECTION ( 'NONE',  ( 0.000000000000000000, 0.000000000000000000, 1.000000000000000000 ) ) ;
#944 = VERTEX_POINT ( 'NONE', #815 ) ;
#945 = CIRCLE ( 'NONE', #2710, 0.4500000000000025091 ) ;
#946 = DIRECTION ( 'NONE',  ( 1.000000000000000000, 0.000000000000000000, 0.000000000000000000 ) ) ;
#947 = DIRECTION ( 'NONE',  ( 1.000000000000000000, 0.000000000000000000, 0.000000000000000000 ) ) ;
#948 = AXIS2_PLACEMENT_3D ( 'NONE', #59, #46, #1257 ) ;
#949 = ORIENTED_EDGE ( 'NONE', *, *, #2249, .F. ) ;
#950 = FACE_BOUND ( 'NONE', #338, .T. ) ;
#951 = DIRECTION ( 'NONE',  ( -1.000000000000000000, 0.000000000000000000, 0.000000000000000000 ) ) ;
#952 = EDGE_CURVE ( 'NONE', #3085, #215, #1048, .T. ) ;
#953 = DIRECTION ( 'NONE',  ( -0.000000000000000000, -0.000000000000000000, 1.000000000000000000 ) ) ;
#954 = ORIENTED_EDGE ( 'NONE', *, *, #2765, .T. ) ;
#955 = ORIENTED_EDGE ( 'NONE', *, *, #2674, .T. ) ;
#956 = DIRECTION ( 'NONE',  ( -1.000000000000000000, -2.592525277006249895E-16, 0.000000000000000000 ) ) ;
#957 = CARTESIAN_POINT ( 'NONE',  ( 66.03999999999999204, 30.43000000000000327, 1.600000000000000089 ) ) ;
#958 = EDGE_LOOP ( 'NONE', ( #460, #3002, #1199, #874 ) ) ;
#959 = DIRECTION ( 'NONE',  ( 1.000000000000000000, 0.000000000000000000, 0.000000000000000000 ) ) ;
#960 = DIRECTION ( 'NONE',  ( 0.000000000000000000, 0.000000000000000000, 1.000000000000000000 ) ) ;
#961 = EDGE_CURVE ( 'NONE', #1697, #35, #2931, .T. ) ;
#962 = ORIENTED_EDGE ( 'NONE', *, *, #1817, .F. ) ;
#963 = CARTESIAN_POINT ( 'NONE',  ( 63.50000000000000000, 30.43000000000000327, 0.000000000000000000 ) ) ;
#964 = DIRECTION ( 'NONE',  ( 0.000000000000000000, 0.000000000000000000, -1.000000000000000000 ) ) ;
#965 = AXIS2_PLACEMENT_3D ( 'NONE', #2821, #1108, #1154 ) ;
#966 = DIRECTION ( 'NONE',  ( -0.000000000000000000, -0.000000000000000000, 1.000000000000000000 ) ) ;
#967 = AXIS2_PLACEMENT_3D ( 'NONE', #801, #1100, #2059 ) ;
#968 = ORIENTED_EDGE ( 'NONE', *, *, #895, .T. ) ;
#969 = EDGE_LOOP ( 'NONE', ( #1772, #2897 ) ) ;
#970 = AXIS2_PLACEMENT_3D ( 'NONE', #2910, #499, #250 ) ;
#971 = FACE_OUTER_BOUND ( 'NONE', #219, .T. ) ;
#972 = DIRECTION ( 'NONE',  ( 1.000000000000000000, 0.000000000000000000, 0.000000000000000000 ) ) ;
#973 = ORIENTED_EDGE ( 'NONE', *, *, #2887, .F. ) ;
#974 = DIRECTION ( 'NONE',  ( 0.000000000000000000, 0.000000000000000000, 1.000000000000000000 ) ) ;
#975 = CARTESIAN_POINT ( 'NONE',  ( 35.55999999999999517, 2.539999999999928981, 0.000000000000000000 ) ) ;
#976 = CARTESIAN_POINT ( 'NONE',  ( 43.62999999999999545, 2.539999999999982272, 1.600000000000000089 ) ) ;
#977 = ORIENTED_EDGE ( 'NONE', *, *, #416, .T. ) ;
#978 = CARTESIAN_POINT ( 'NONE',  ( 45.71999999999999886, 50.79999999999987637, 0.000000000000000000 ) ) ;
#979 = DIRECTION ( 'NONE',  ( 1.000000000000000000, 0.000000000000000000, 0.000000000000000000 ) ) ;
#980 = DIRECTION ( 'NONE',  ( -0.000000000000000000, -0.000000000000000000, 1.000000000000000000 ) ) ;
#981 = ORIENTED_EDGE ( 'NONE', *, *, #2447, .T. ) ;
#982 = ORIENTED_EDGE ( 'NONE', *, *, #143, .F. ) ;
#983 = CIRCLE ( 'NONE', #1389, 0.4499999999999990119 ) ;
#984 = CYLINDRICAL_SURFACE ( 'NONE', #220, 0.4499999999999990119 ) ;
#985 = CARTESIAN_POINT ( 'NONE',  ( 26.41000000000000014, 50.79999999999989058, 0.000000000000000000 ) ) ;
#986 = EDGE_LOOP ( 'NONE', ( #2940, #361 ) ) ;
#987 = EDGE_CURVE ( 'NONE', #39, #2878, #1853, .T. ) ;
#988 = CARTESIAN_POINT ( 'NONE',  ( 68.00000000000001421, 52.53000000000000114, 1.600000000000000089 ) ) ;
#989 = DIRECTION ( 'NONE',  ( -0.000000000000000000, -0.000000000000000000, 1.000000000000000000 ) ) ;
#990 = CYLINDRICAL_SURFACE ( 'NONE', #737, 0.4499999999999990119 ) ;
#991 = EDGE_CURVE ( 'NONE', #52, #259, #1962, .T. ) ;
#992 = FACE_OUTER_BOUND ( 'NONE', #1275, .T. ) ;
#993 = EDGE_CURVE ( 'NONE', #1594, #708, #495, .T. ) ;
#994 = DIRECTION ( 'NONE',  ( 1.000000000000000000, 0.000000000000000000, 0.000000000000000000 ) ) ;
#995 = EDGE_CURVE ( 'NONE', #2023, #445, #2101, .T. ) ;
#996 = VERTEX_POINT ( 'NONE', #1090 ) ;
#997 = DIRECTION ( 'NONE',  ( -0.000000000000000000, 0.000000000000000000, 1.000000000000000000 ) ) ;
#998 = EDGE_CURVE ( 'NONE', #2165, #62, #2021, .T. ) ;
#999 = ORIENTED_EDGE ( 'NONE', *, *, #1677, .F. ) ;
#1000 = CARTESIAN_POINT ( 'NONE',  ( 40.63999999999999346, 2.539999999999964508, 0.000000000000000000 ) ) ;
#1001 = DIRECTION ( 'NONE',  ( -0.000000000000000000, -0.000000000000000000, 1.000000000000000000 ) ) ;
#1002 = ORIENTED_EDGE ( 'NONE', *, *, #1691, .T. ) ;
#1003 = PLANE ( 'NONE',  #1296 ) ;
#1004 = CARTESIAN_POINT ( 'NONE',  ( 65.53999999999999204, 25.35000000000000142, 0.000000000000000000 ) ) ;
#1005 = CARTESIAN_POINT ( 'NONE',  ( 35.55999999999999517, 2.539999999999928981, 0.000000000000000000 ) ) ;
#1006 = DIRECTION ( 'NONE',  ( 0.000000000000000000, 0.000000000000000000, -1.000000000000000000 ) ) ;
#1007 = VERTEX_POINT ( 'NONE', #2625 ) ;
#1008 = FACE_OUTER_BOUND ( 'NONE', #1155, .T. ) ;
#1009 = AXIS2_PLACEMENT_3D ( 'NONE', #1286, #282, #742 ) ;
#1010 = AXIS2_PLACEMENT_3D ( 'NONE', #2938, #2921, #36 ) ;
#1011 = ORIENTED_EDGE ( 'NONE', *, *, #995, .T. ) ;
#1012 = ORIENTED_EDGE ( 'NONE', *, *, #1964, .F. ) ;
#1013 = AXIS2_PLACEMENT_3D ( 'NONE', #546, #2923, #1202 ) ;
#1014 = FACE_OUTER_BOUND ( 'NONE', #1444, .T. ) ;
#1015 = CIRCLE ( 'NONE', #1423, 0.4499999999999990119 ) ;
#1016 = ORIENTED_EDGE ( 'NONE', *, *, #2919, .T. ) ;
#1017 = ORIENTED_EDGE ( 'NONE', *, *, #329, .F. ) ;
#1018 = CIRCLE ( 'NONE', #216, 0.4500000000000025091 ) ;
#1019 = CYLINDRICAL_SURFACE ( 'NONE', #2816, 0.4999999999999865663 ) ;
#1020 = AXIS2_PLACEMENT_3D ( 'NONE', #139, #1839, #1857 ) ;
#1021 = CYLINDRICAL_SURFACE ( 'NONE', #1009, 0.4499999999999990119 ) ;
#1022 = DIRECTION ( 'NONE',  ( -0.000000000000000000, -0.000000000000000000, 1.000000000000000000 ) ) ;
#1023 = CARTESIAN_POINT ( 'NONE',  ( 60.96000000000000085, 50.79999999999997584, 1.600000000000000089 ) ) ;
#1024 = EDGE_LOOP ( 'NONE', ( #428, #1343 ) ) ;
#1025 = AXIS2_PLACEMENT_3D ( 'NONE', #2866, #2422, #2405 ) ;
#1026 = AXIS2_PLACEMENT_3D ( 'NONE', #526, #1986, #2451 ) ;
#1027 = EDGE_CURVE ( 'NONE', #440, #259, #551, .T. ) ;
#1028 = EDGE_LOOP ( 'NONE', ( #2370, #506 ) ) ;
#1029 = ORIENTED_EDGE ( 'NONE', *, *, #1377, .T. ) ;
#1030 = EDGE_CURVE ( 'NONE', #35, #2530, #1517, .T. ) ;
#1031 = AXIS2_PLACEMENT_3D ( 'NONE', #1391, #1183, #190 ) ;
#1032 = DIRECTION ( 'NONE',  ( 0.000000000000000000, 0.000000000000000000, 1.000000000000000000 ) ) ;
#1033 = CARTESIAN_POINT ( 'NONE',  ( 1.000000000000000222, 1.000000000000000000, 1.600000000000000089 ) ) ;
#1034 = ADVANCED_FACE ( 'NONE', ( #317 ), #2758, .F. ) ;
#1035 = ORIENTED_EDGE ( 'NONE', *, *, #1592, .F. ) ;
#1036 = CIRCLE ( 'NONE', #1438, 0.4500000000000025091 ) ;
#1037 = DIRECTION ( 'NONE',  ( 1.000000000000000000, 0.000000000000000000, 0.000000000000000000 ) ) ;
#1038 = CARTESIAN_POINT ( 'NONE',  ( 66.53999999999999204, 30.43000000000000327, 0.000000000000000000 ) ) ;
#1039 = DIRECTION ( 'NONE',  ( 1.000000000000000000, 0.000000000000000000, 0.000000000000000000 ) ) ;
#1040 = CARTESIAN_POINT ( 'NONE',  ( 26.41000000000000014, 50.79999999999989058, 0.000000000000000000 ) ) ;
#1041 = CARTESIAN_POINT ( 'NONE',  ( 37.01999999999999602, 50.79999999999996163, 0.000000000000000000 ) ) ;
#1042 = AXIS2_PLACEMENT_3D ( 'NONE', #1168, #920, #242 ) ;
#1043 = ORIENTED_EDGE ( 'NONE', *, *, #1749, .F. ) ;
#1044 = VECTOR ( 'NONE', #909, 1000.000000000000000 ) ;
#1045 = ORIENTED_EDGE ( 'NONE', *, *, #1588, .F. ) ;
#1046 = EDGE_LOOP ( 'NONE', ( #24, #1071 ) ) ;
#1047 = CIRCLE ( 'NONE', #2418, 0.4499999999999990119 ) ;
#1048 = CIRCLE ( 'NONE', #1147, 0.4499999999999990119 ) ;
#1049 = LINE ( 'NONE', #1787, #1982 ) ;
#1050 = VECTOR ( 'NONE', #75, 1000.000000000000000 ) ;
#1051 = VERTEX_POINT ( 'NONE', #2987 ) ;
#1052 = DIRECTION ( 'NONE',  ( -0.000000000000000000, -0.000000000000000000, 1.000000000000000000 ) ) ;
#1053 = DIRECTION ( 'NONE',  ( 1.000000000000000000, 0.000000000000000000, 0.000000000000000000 ) ) ;
#1054 = ADVANCED_FACE ( 'NONE', ( #1334 ), #132, .T. ) ;
#1055 = LINE ( 'NONE', #1539, #1901 ) ;
#1056 = CARTESIAN_POINT ( 'NONE',  ( 68.00000000000002842, 1.000000000000000888, 0.000000000000000000 ) ) ;
#1057 = ORIENTED_EDGE ( 'NONE', *, *, #1819, .T. ) ;
#1058 = EDGE_CURVE ( 'NONE', #735, #484, #2684, .T. ) ;
#1059 = ORIENTED_EDGE ( 'NONE', *, *, #1190, .T. ) ;
#1060 = DIRECTION ( 'NONE',  ( 0.000000000000000000, 0.000000000000000000, 1.000000000000000000 ) ) ;
#1061 = AXIS2_PLACEMENT_3D ( 'NONE', #2056, #1803, #335 ) ;
#1062 = CARTESIAN_POINT ( 'NONE',  ( 56.32999999999999829, 2.539999999999946745, 0.000000000000000000 ) ) ;
#1063 = EDGE_LOOP ( 'NONE', ( #2774, #1299 ) ) ;
#1064 = ORIENTED_EDGE ( 'NONE', *, *, #2597, .F. ) ;
#1065 = DIRECTION ( 'NONE',  ( 0.000000000000000000, 0.000000000000000000, 1.000000000000000000 ) ) ;
#1066 = DIRECTION ( 'NONE',  ( -0.000000000000000000, -0.000000000000000000, 1.000000000000000000 ) ) ;
#1067 = FACE_OUTER_BOUND ( 'NONE', #2581, .T. ) ;
#1068 = AXIS2_PLACEMENT_3D ( 'NONE', #2639, #233, #1841 ) ;
#1069 = LINE ( 'NONE', #2062, #631 ) ;
#1070 = LINE ( 'NONE', #2033, #638 ) ;
#1071 = ORIENTED_EDGE ( 'NONE', *, *, #603, .T. ) ;
#1072 = ORIENTED_EDGE ( 'NONE', *, *, #501, .F. ) ;
#1073 = EDGE_LOOP ( 'NONE', ( #502, #1545 ) ) ;
#1074 = AXIS2_PLACEMENT_3D ( 'NONE', #1950, #1471, #1734 ) ;
#1075 = DIRECTION ( 'NONE',  ( 0.000000000000000000, 0.000000000000000000, 1.000000000000000000 ) ) ;
#1076 = DIRECTION ( 'NONE',  ( 1.000000000000000000, 0.000000000000000000, 0.000000000000000000 ) ) ;
#1077 = VERTEX_POINT ( 'NONE', #377 ) ;
#1078 = EDGE_CURVE ( 'NONE', #547, #2276, #1766, .T. ) ;
#1079 = ORIENTED_EDGE ( 'NONE', *, *, #7, .T. ) ;
#1080 = CARTESIAN_POINT ( 'NONE',  ( 66.03999999999999204, 30.43000000000000327, 1.600000000000000089 ) ) ;
#1081 = CARTESIAN_POINT ( 'NONE',  ( 48.25999999999999801, 50.79999999999989058, 1.600000000000000089 ) ) ;
#1082 = CARTESIAN_POINT ( 'NONE',  ( 23.41999999999999815, 50.79999999999987637, 0.000000000000000000 ) ) ;
#1083 = EDGE_CURVE ( 'NONE', #412, #2274, #2999, .T. ) ;
#1084 = CIRCLE ( 'NONE', #1488, 0.4499999999999990119 ) ;
#1085 =( LENGTH_UNIT ( ) NAMED_UNIT ( * ) SI_UNIT ( .MILLI., .METRE. ) );
#1086 = EDGE_CURVE ( 'NONE', #215, #3011, #1347, .T. ) ;
#1087 = CARTESIAN_POINT ( 'NONE',  ( 63.99999999999997158, 27.89000000000000057, 0.000000000000000000 ) ) ;
#1088 = ORIENTED_EDGE ( 'NONE', *, *, #1083, .T. ) ;
#1089 = CIRCLE ( 'NONE', #839, 0.4499999999999990119 ) ;
#1090 = CARTESIAN_POINT ( 'NONE',  ( 31.03999999999999559, 50.79999999999992610, 1.600000000000000089 ) ) ;
#1091 = EDGE_CURVE ( 'NONE', #1552, #2429, #2744, .T. ) ;
#1092 = VERTEX_POINT ( 'NONE', #349 ) ;
#1093 = ORIENTED_EDGE ( 'NONE', *, *, #2071, .F. ) ;
#1094 = CIRCLE ( 'NONE', #1345, 0.4500000000000025091 ) ;
#1095 = DIRECTION ( 'NONE',  ( 0.000000000000000000, 0.000000000000000000, 1.000000000000000000 ) ) ;
#1096 = ADVANCED_FACE ( 'NONE', ( #2972 ), #115, .F. ) ;
#1097 = FACE_OUTER_BOUND ( 'NONE', #2502, .T. ) ;
#1098 = ORIENTED_EDGE ( 'NONE', *, *, #2214, .F. ) ;
#1099 = ORIENTED_EDGE ( 'NONE', *, *, #297, .F. ) ;
#1100 = DIRECTION ( 'NONE',  ( 0.000000000000000000, 0.000000000000000000, 1.000000000000000000 ) ) ;
#1101 = DIRECTION ( 'NONE',  ( 1.000000000000000000, 0.000000000000000000, 0.000000000000000000 ) ) ;
#1102 = CARTESIAN_POINT ( 'NONE',  ( 67.00000000000001421, 53.53000000000000114, 1.600000000000000089 ) ) ;
#1103 =( NAMED_UNIT ( * ) SI_UNIT ( $, .STERADIAN. ) SOLID_ANGLE_UNIT ( ) );
#1104 = CARTESIAN_POINT ( 'NONE',  ( 27.48999999999999133, 2.539999999999876135, 0.000000000000000000 ) ) ;
#1105 = ORIENTED_EDGE ( 'NONE', *, *, #1843, .F. ) ;
#1106 = ORIENTED_EDGE ( 'NONE', *, *, #2765, .F. ) ;
#1107 = LINE ( 'NONE', #193, #1274 ) ;
#1108 = DIRECTION ( 'NONE',  ( 0.000000000000000000, 0.000000000000000000, 1.000000000000000000 ) ) ;
#1109 = VERTEX_POINT ( 'NONE', #2279 ) ;
#1110 = VERTEX_POINT ( 'NONE', #1756 ) ;
#1111 = DIRECTION ( 'NONE',  ( 0.000000000000000000, 0.000000000000000000, 1.000000000000000000 ) ) ;
#1112 = CYLINDRICAL_SURFACE ( 'NONE', #177, 0.4499999999999990119 ) ;
#1113 = DIRECTION ( 'NONE',  ( 0.000000000000000000, 0.000000000000000000, 1.000000000000000000 ) ) ;
#1114 = DIRECTION ( 'NONE',  ( 1.000000000000000000, 0.000000000000000000, 0.000000000000000000 ) ) ;
#1115 = CARTESIAN_POINT ( 'NONE',  ( 34.03000000000000114, 50.79999999999994031, 1.600000000000000089 ) ) ;
#1116 = ADVANCED_FACE ( 'NONE', ( #1097 ), #856, .F. ) ;
#1117 = CIRCLE ( 'NONE', #2843, 0.4499999999999990119 ) ;
#1118 = ORIENTED_EDGE ( 'NONE', *, *, #2071, .T. ) ;
#1119 = VERTEX_POINT ( 'NONE', #844 ) ;
#1120 = FACE_OUTER_BOUND ( 'NONE', #1615, .T. ) ;
#1121 = EDGE_CURVE ( 'NONE', #2276, #547, #398, .T. ) ;
#1122 = DIRECTION ( 'NONE',  ( 1.000000000000000000, 0.000000000000000000, 0.000000000000000000 ) ) ;
#1123 = EDGE_LOOP ( 'NONE', ( #2984, #924 ) ) ;
#1124 = EDGE_CURVE ( 'NONE', #80, #720, #1211, .T. ) ;
#1125 = ORIENTED_EDGE ( 'NONE', *, *, #3014, .T. ) ;
#1126 = VECTOR ( 'NONE', #2838, 1000.000000000000000 ) ;
#1127 = ADVANCED_FACE ( 'NONE', ( #3031 ), #2267, .F. ) ;
#1128 = AXIS2_PLACEMENT_3D ( 'NONE', #451, #414, #2622 ) ;
#1129 = CYLINDRICAL_SURFACE ( 'NONE', #2278, 0.5000000000000004441 ) ;
#1130 = EDGE_CURVE ( 'NONE', #2082, #2529, #2324, .T. ) ;
#1131 = DIRECTION ( 'NONE',  ( -0.000000000000000000, -0.000000000000000000, 1.000000000000000000 ) ) ;
#1132 = DIRECTION ( 'NONE',  ( 1.000000000000000000, 0.000000000000000000, 0.000000000000000000 ) ) ;
#1133 = CARTESIAN_POINT ( 'NONE',  ( 43.62999999999999545, 2.539999999999982272, 0.000000000000000000 ) ) ;
#1134 = AXIS2_PLACEMENT_3D ( 'NONE', #1005, #516, #804 ) ;
#1135 = DIRECTION ( 'NONE',  ( 0.000000000000000000, 0.000000000000000000, 1.000000000000000000 ) ) ;
#1136 = VECTOR ( 'NONE', #2701, 1000.000000000000000 ) ;
#1137 = ORIENTED_EDGE ( 'NONE', *, *, #1688, .F. ) ;
#1138 = CARTESIAN_POINT ( 'NONE',  ( 58.42000000000000171, 50.79999999999996163, 1.600000000000000089 ) ) ;
#1139 = CARTESIAN_POINT ( 'NONE',  ( 41.08999999999999631, 2.539999999999964508, 0.000000000000000000 ) ) ;
#1140 = FACE_BOUND ( 'NONE', #462, .T. ) ;
#1141 = ORIENTED_EDGE ( 'NONE', *, *, #1924, .T. ) ;
#1142 = ORIENTED_EDGE ( 'NONE', *, *, #1638, .T. ) ;
#1143 = CARTESIAN_POINT ( 'NONE',  ( 45.71999999999999886, 2.540000000000000036, 1.600000000000000089 ) ) ;
#1144 = CARTESIAN_POINT ( 'NONE',  ( 26.41000000000000014, 50.79999999999989058, 1.600000000000000089 ) ) ;
#1145 = EDGE_LOOP ( 'NONE', ( #736, #1727, #1236, #2907 ) ) ;
#1146 = CARTESIAN_POINT ( 'NONE',  ( 46.16999999999999460, 50.79999999999987637, 1.600000000000000089 ) ) ;
#1147 = AXIS2_PLACEMENT_3D ( 'NONE', #100, #1791, #2747 ) ;
#1148 = DIRECTION ( 'NONE',  ( 0.000000000000000000, 0.000000000000000000, 1.000000000000000000 ) ) ;
#1149 = CARTESIAN_POINT ( 'NONE',  ( 50.79999999999999716, 50.79999999999990479, 1.600000000000000089 ) ) ;
#1150 = ORIENTED_EDGE ( 'NONE', *, *, #1124, .F. ) ;
#1151 = DIRECTION ( 'NONE',  ( 1.000000000000000000, 0.000000000000000000, 0.000000000000000000 ) ) ;
#1152 = CARTESIAN_POINT ( 'NONE',  ( 48.25999999999999801, 50.79999999999989058, 1.600000000000000089 ) ) ;
#1153 = CARTESIAN_POINT ( 'NONE',  ( 53.33999999999999631, 50.79999999999992610, 0.000000000000000000 ) ) ;
#1154 = DIRECTION ( 'NONE',  ( 1.000000000000000000, 0.000000000000000000, 0.000000000000000000 ) ) ;
#1155 = EDGE_LOOP ( 'NONE', ( #2159, #1470, #589, #1832 ) ) ;
#1156 = EDGE_LOOP ( 'NONE', ( #3132, #264, #2823, #51 ) ) ;
#1157 = DIRECTION ( 'NONE',  ( -0.000000000000000000, -0.000000000000000000, 1.000000000000000000 ) ) ;
#1158 = CARTESIAN_POINT ( 'NONE',  ( 60.50999999999999801, 2.539999999999982272, 0.000000000000000000 ) ) ;
#1159 = VERTEX_POINT ( 'NONE', #905 ) ;
#1160 = CIRCLE ( 'NONE', #2943, 0.4499999999999990119 ) ;
#1161 = DIRECTION ( 'NONE',  ( 0.000000000000000000, 0.000000000000000000, 1.000000000000000000 ) ) ;
#1162 = CYLINDRICAL_SURFACE ( 'NONE', #1798, 0.4499999999999990119 ) ;
#1163 = CARTESIAN_POINT ( 'NONE',  ( 55.88000000000000256, 50.79999999999994031, 0.000000000000000000 ) ) ;
#1164 = DIRECTION ( 'NONE',  ( 1.000000000000000000, 0.000000000000000000, 0.000000000000000000 ) ) ;
#1165 = ADVANCED_FACE ( 'NONE', ( #1409 ), #2614, .F. ) ;
#1166 = ORIENTED_EDGE ( 'NONE', *, *, #300, .F. ) ;
#1167 = FACE_BOUND ( 'NONE', #1979, .T. ) ;
#1168 = CARTESIAN_POINT ( 'NONE',  ( 63.50000000000000000, 2.540000000000000036, 0.000000000000000000 ) ) ;
#1169 = CARTESIAN_POINT ( 'NONE',  ( 28.94999999999999574, 50.79999999999990479, 1.600000000000000089 ) ) ;
#1170 = AXIS2_PLACEMENT_3D ( 'NONE', #2942, #2221, #1712 ) ;
#1171 = DIRECTION ( 'NONE',  ( 0.000000000000000000, 0.000000000000000000, 1.000000000000000000 ) ) ;
#1172 = ORIENTED_EDGE ( 'NONE', *, *, #369, .T. ) ;
#1173 = EDGE_LOOP ( 'NONE', ( #2323, #2140 ) ) ;
#1174 = DIRECTION ( 'NONE',  ( 0.000000000000000000, 0.000000000000000000, 1.000000000000000000 ) ) ;
#1175 = DIRECTION ( 'NONE',  ( -0.000000000000000000, -0.000000000000000000, 1.000000000000000000 ) ) ;
#1176 = EDGE_LOOP ( 'NONE', ( #1219, #683 ) ) ;
#1177 = LINE ( 'NONE', #2607, #461 ) ;
#1178 = CARTESIAN_POINT ( 'NONE',  ( 65.54000000000000625, 27.89000000000000057, 1.600000000000000089 ) ) ;
#1179 = EDGE_CURVE ( 'NONE', #720, #80, #2484, .T. ) ;
#1180 = CIRCLE ( 'NONE', #1583, 0.4499999999999990119 ) ;
#1181 = CIRCLE ( 'NONE', #1585, 0.4499999999999990119 ) ;
#1182 = ORIENTED_EDGE ( 'NONE', *, *, #2289, .F. ) ;
#1183 = DIRECTION ( 'NONE',  ( 0.000000000000000000, 0.000000000000000000, 1.000000000000000000 ) ) ;
#1184 = EDGE_CURVE ( 'NONE', #2135, #1811, #1515, .T. ) ;
#1185 = CARTESIAN_POINT ( 'NONE',  ( 67.00000000000002842, 1.000000000000000888, 1.600000000000000089 ) ) ;
#1186 = EDGE_CURVE ( 'NONE', #2023, #2650, #2636, .T. ) ;
#1187 = CYLINDRICAL_SURFACE ( 'NONE', #865, 0.4499999999999990119 ) ;
#1188 = ORIENTED_EDGE ( 'NONE', *, *, #1843, .T. ) ;
#1189 = EDGE_LOOP ( 'NONE', ( #2189, #375 ) ) ;
#1190 = EDGE_CURVE ( 'NONE', #1397, #1888, #2073, .T. ) ;
#1191 = CARTESIAN_POINT ( 'NONE',  ( 68.00000000000001421, 53.53000000000000114, 1.600000000000000089 ) ) ;
#1192 = CIRCLE ( 'NONE', #886, 0.4500000000000025091 ) ;
#1193 = DIRECTION ( 'NONE',  ( 1.000000000000000000, 0.000000000000000000, 0.000000000000000000 ) ) ;
#1194 = EDGE_LOOP ( 'NONE', ( #232, #2248 ) ) ;
#1195 = CARTESIAN_POINT ( 'NONE',  ( 18.78999999999999915, 50.79999999999984084, 1.600000000000000089 ) ) ;
#1196 = DIRECTION ( 'NONE',  ( 0.000000000000000000, 0.000000000000000000, 1.000000000000000000 ) ) ;
#1197 = AXIS2_PLACEMENT_3D ( 'NONE', #2173, #966, #2982 ) ;
#1198 = CIRCLE ( 'NONE', #248, 0.4499999999999990119 ) ;
#1199 = ORIENTED_EDGE ( 'NONE', *, *, #991, .T. ) ;
#1200 = FACE_BOUND ( 'NONE', #1455, .T. ) ;
#1201 = DIRECTION ( 'NONE',  ( 1.000000000000000000, 0.000000000000000000, 0.000000000000000000 ) ) ;
#1202 = DIRECTION ( 'NONE',  ( 1.000000000000000000, 0.000000000000000000, 0.000000000000000000 ) ) ;
#1203 = ORIENTED_EDGE ( 'NONE', *, *, #1091, .F. ) ;
#1204 = ORIENTED_EDGE ( 'NONE', *, *, #10, .F. ) ;
#1205 = DIRECTION ( 'NONE',  ( 1.000000000000000000, 0.000000000000000000, 0.000000000000000000 ) ) ;
#1206 = CARTESIAN_POINT ( 'NONE',  ( 25.95999999999999730, 50.79999999999989058, 0.000000000000000000 ) ) ;
#1207 = ORIENTED_EDGE ( 'NONE', *, *, #1217, .F. ) ;
#1208 = DIRECTION ( 'NONE',  ( 0.000000000000000000, 0.000000000000000000, 1.000000000000000000 ) ) ;
#1209 = DIRECTION ( 'NONE',  ( 1.000000000000000000, 0.000000000000000000, 0.000000000000000000 ) ) ;
#1210 = DIRECTION ( 'NONE',  ( 0.000000000000000000, 0.000000000000000000, 1.000000000000000000 ) ) ;
#1211 = CIRCLE ( 'NONE', #1616, 0.4499999999999990119 ) ;
#1212 = ORIENTED_EDGE ( 'NONE', *, *, #2176, .F. ) ;
#1213 = CARTESIAN_POINT ( 'NONE',  ( 63.50000000000000000, 2.540000000000000036, 0.000000000000000000 ) ) ;
#1214 = CARTESIAN_POINT ( 'NONE',  ( 30.92999999999999616, 2.539999999999893898, 0.000000000000000000 ) ) ;
#1215 = APPLICATION_PROTOCOL_DEFINITION ( 'draft international standard', 'automotive_design', 1998, #2521 ) ;
#1216 = CARTESIAN_POINT ( 'NONE',  ( 66.04000000000000625, 27.89000000000000057, 0.000000000000000000 ) ) ;
#1217 = EDGE_CURVE ( 'NONE', #1462, #1159, #2783, .T. ) ;
#1218 = AXIS2_PLACEMENT_3D ( 'NONE', #3071, #897, #1303 ) ;
#1219 = ORIENTED_EDGE ( 'NONE', *, *, #2452, .T. ) ;
#1220 = EDGE_LOOP ( 'NONE', ( #534, #2277, #615, #781 ) ) ;
#1221 = VECTOR ( 'NONE', #827, 1000.000000000000000 ) ;
#1222 = ADVANCED_FACE ( 'NONE', ( #407 ), #3115, .F. ) ;
#1223 = DIRECTION ( 'NONE',  ( -0.000000000000000000, -0.000000000000000000, 1.000000000000000000 ) ) ;
#1224 = ADVANCED_FACE ( 'NONE', ( #1628, #938, #2856, #2629, #459, #2596, #885, #2123, #1429, #2086, #179, #1646, #2068, #681, #425, #646, #1395, #1363, #1140, #1597, #2564, #2358, #391, #2321, #161, #2103, #3062, #1849, #194, #3098, #922, #444, #1764, #1442, #2394, #1273, #2722, #2157, #1460 ), #2647, .F. ) ;
#1225 = CARTESIAN_POINT ( 'NONE',  ( 66.54000000000000625, 27.89000000000000057, 0.000000000000000000 ) ) ;
#1226 = ORIENTED_EDGE ( 'NONE', *, *, #1309, .F. ) ;
#1227 = CARTESIAN_POINT ( 'NONE',  ( 47.80999999999999517, 50.79999999999989058, 0.000000000000000000 ) ) ;
#1228 = EDGE_CURVE ( 'NONE', #2165, #144, #258, .T. ) ;
#1229 = CARTESIAN_POINT ( 'NONE',  ( 50.35000000000000142, 2.539999999999911662, 0.000000000000000000 ) ) ;
#1230 = DIRECTION ( 'NONE',  ( 1.000000000000000000, 0.000000000000000000, 0.000000000000000000 ) ) ;
#1231 = ADVANCED_FACE ( 'NONE', ( #2002 ), #3130, .F. ) ;
#1232 = ORIENTED_EDGE ( 'NONE', *, *, #1917, .F. ) ;
#1233 = PRODUCT_CONTEXT ( 'NONE', #197, 'mechanical' ) ;
#1234 = CIRCLE ( 'NONE', #833, 0.4499999999999990119 ) ;
#1235 = VERTEX_POINT ( 'NONE', #1952 ) ;
#1236 = ORIENTED_EDGE ( 'NONE', *, *, #1779, .T. ) ;
#1237 = AXIS2_PLACEMENT_3D ( 'NONE', #1338, #2989, #3052 ) ;
#1238 = DIRECTION ( 'NONE',  ( 1.000000000000000000, 0.000000000000000000, 0.000000000000000000 ) ) ;
#1239 = ORIENTED_EDGE ( 'NONE', *, *, #2959, .T. ) ;
#1240 = COLOUR_RGB ( '',0.7921568627450980005, 0.8196078431372548767, 0.9333333333333333481 ) ;
#1241 = CARTESIAN_POINT ( 'NONE',  ( 43.17999999999999261, 2.539999999999982272, 1.600000000000000089 ) ) ;
#1242 = DIRECTION ( 'NONE',  ( 0.000000000000000000, 0.000000000000000000, 1.000000000000000000 ) ) ;
#1243 = CYLINDRICAL_SURFACE ( 'NONE', #1134, 0.4499999999999990119 ) ;
#1244 = CYLINDRICAL_SURFACE ( 'NONE', #1269, 0.4499999999999990119 ) ;
#1245 = ADVANCED_FACE ( 'NONE', ( #226 ), #1187, .F. ) ;
#1246 = AXIS2_PLACEMENT_3D ( 'NONE', #686, #1175, #2145 ) ;
#1247 = AXIS2_PLACEMENT_3D ( 'NONE', #2829, #3123, #1620 ) ;
#1248 = EDGE_LOOP ( 'NONE', ( #854, #1045, #968, #271 ) ) ;
#1249 = DIRECTION ( 'NONE',  ( -0.000000000000000000, -0.000000000000000000, 1.000000000000000000 ) ) ;
#1250 = ORIENTED_EDGE ( 'NONE', *, *, #1817, .T. ) ;
#1251 = ORIENTED_EDGE ( 'NONE', *, *, #2176, .T. ) ;
#1252 = CYLINDRICAL_SURFACE ( 'NONE', #2185, 0.4499999999999990119 ) ;
#1253 = ORIENTED_EDGE ( 'NONE', *, *, #1611, .T. ) ;
#1254 = CARTESIAN_POINT ( 'NONE',  ( 53.78999999999999915, 50.79999999999992610, 0.000000000000000000 ) ) ;
#1255 = CARTESIAN_POINT ( 'NONE',  ( 63.99999999999997158, 27.89000000000000057, 0.000000000000000000 ) ) ;
#1256 = LINE ( 'NONE', #2670, #1136 ) ;
#1257 = DIRECTION ( 'NONE',  ( 1.000000000000000000, 0.000000000000000000, 0.000000000000000000 ) ) ;
#1258 = EDGE_CURVE ( 'NONE', #1958, #1077, #2228, .T. ) ;
#1259 = ADVANCED_FACE ( 'NONE', ( #713 ), #2906, .F. ) ;
#1260 = ORIENTED_EDGE ( 'NONE', *, *, #2344, .F. ) ;
#1261 = EDGE_CURVE ( 'NONE', #1294, #2236, #1706, .T. ) ;
#1262 = ORIENTED_EDGE ( 'NONE', *, *, #510, .T. ) ;
#1263 = VERTEX_POINT ( 'NONE', #562 ) ;
#1264 = AXIS2_PLACEMENT_3D ( 'NONE', #1886, #213, #1376 ) ;
#1265 = LINE ( 'NONE', #334, #665 ) ;
#1266 = EDGE_LOOP ( 'NONE', ( #2297, #379 ) ) ;
#1267 = ORIENTED_EDGE ( 'NONE', *, *, #1356, .T. ) ;
#1268 = VECTOR ( 'NONE', #2616, 1000.000000000000000 ) ;
#1269 = AXIS2_PLACEMENT_3D ( 'NONE', #2213, #545, #1053 ) ;
#1270 = DIRECTION ( 'NONE',  ( 1.000000000000000000, 0.000000000000000000, 0.000000000000000000 ) ) ;
#1271 = FACE_OUTER_BOUND ( 'NONE', #2443, .T. ) ;
#1272 = CARTESIAN_POINT ( 'NONE',  ( 67.00000000000001421, 52.53000000000000114, 1.600000000000000089 ) ) ;
#1273 = FACE_BOUND ( 'NONE', #1046, .T. ) ;
#1274 = VECTOR ( 'NONE', #904, 1000.000000000000000 ) ;
#1275 = EDGE_LOOP ( 'NONE', ( #1996, #2070, #2605, #83 ) ) ;
#1276 = VECTOR ( 'NONE', #3035, 1000.000000000000000 ) ;
#1277 = ORIENTED_EDGE ( 'NONE', *, *, #820, .T. ) ;
#1278 = ORIENTED_EDGE ( 'NONE', *, *, #2069, .F. ) ;
#1279 = CIRCLE ( 'NONE', #2913, 0.4499999999999990119 ) ;
#1280 = CARTESIAN_POINT ( 'NONE',  ( 37.01999999999999602, 50.79999999999996163, 0.000000000000000000 ) ) ;
#1281 = DIRECTION ( 'NONE',  ( 0.000000000000000000, 0.000000000000000000, 1.000000000000000000 ) ) ;
#1282 = EDGE_CURVE ( 'NONE', #2988, #1263, #1696, .T. ) ;
#1283 = ORIENTED_EDGE ( 'NONE', *, *, #1285, .T. ) ;
#1284 = AXIS2_PLACEMENT_3D ( 'NONE', #1603, #1351, #2075 ) ;
#1285 = EDGE_CURVE ( 'NONE', #1676, #2209, #2428, .T. ) ;
#1286 = CARTESIAN_POINT ( 'NONE',  ( 48.25999999999999801, 50.79999999999989058, 0.000000000000000000 ) ) ;
#1287 = DIRECTION ( 'NONE',  ( 0.000000000000000000, 0.000000000000000000, 1.000000000000000000 ) ) ;
#1288 = DIRECTION ( 'NONE',  ( 1.000000000000000000, 0.000000000000000000, 0.000000000000000000 ) ) ;
#1289 = DIRECTION ( 'NONE',  ( 0.000000000000000000, 0.000000000000000000, 1.000000000000000000 ) ) ;
#1290 = DIRECTION ( 'NONE',  ( 1.000000000000000000, 0.000000000000000000, 0.000000000000000000 ) ) ;
#1291 = VECTOR ( 'NONE', #678, 1000.000000000000000 ) ;
#1292 = EDGE_LOOP ( 'NONE', ( #2893, #682, #2118, #2066 ) ) ;
#1293 = ORIENTED_EDGE ( 'NONE', *, *, #2272, .T. ) ;
#1294 = VERTEX_POINT ( 'NONE', #1041 ) ;
#1295 = AXIS2_PLACEMENT_3D ( 'NONE', #880, #1842, #850 ) ;
#1296 = AXIS2_PLACEMENT_3D ( 'NONE', #280, #2668, #503 ) ;
#1297 = DIRECTION ( 'NONE',  ( 1.000000000000000000, 0.000000000000000000, 0.000000000000000000 ) ) ;
#1298 = DIRECTION ( 'NONE',  ( 1.000000000000000000, 0.000000000000000000, 0.000000000000000000 ) ) ;
#1299 = ORIENTED_EDGE ( 'NONE', *, *, #1320, .F. ) ;
#1300 = EDGE_LOOP ( 'NONE', ( #1850, #3000 ) ) ;
#1301 = DIRECTION ( 'NONE',  ( 1.000000000000000000, 0.000000000000000000, 0.000000000000000000 ) ) ;
#1302 = DIRECTION ( 'NONE',  ( -0.000000000000000000, -0.000000000000000000, 1.000000000000000000 ) ) ;
#1303 = DIRECTION ( 'NONE',  ( 1.000000000000000000, 0.000000000000000000, 0.000000000000000000 ) ) ;
#1304 = CARTESIAN_POINT ( 'NONE',  ( 31.48999999999999844, 50.79999999999992610, 0.000000000000000000 ) ) ;
#1305 = FACE_OUTER_BOUND ( 'NONE', #314, .T. ) ;
#1306 = FILL_AREA_STYLE_COLOUR ( '', #1240 ) ;
#1307 = DIRECTION ( 'NONE',  ( 1.000000000000000000, 0.000000000000000000, 0.000000000000000000 ) ) ;
#1308 = ORIENTED_EDGE ( 'NONE', *, *, #2769, .T. ) ;
#1309 = EDGE_CURVE ( 'NONE', #445, #2274, #807, .T. ) ;
#1310 = ORIENTED_EDGE ( 'NONE', *, *, #2181, .F. ) ;
#1311 = VERTEX_POINT ( 'NONE', #23 ) ;
#1312 = AXIS2_PLACEMENT_3D ( 'NONE', #2195, #543, #1523 ) ;
#1313 = CIRCLE ( 'NONE', #3091, 0.4500000000000025091 ) ;
#1314 = AXIS2_PLACEMENT_3D ( 'NONE', #828, #587, #812 ) ;
#1315 = CARTESIAN_POINT ( 'NONE',  ( 38.09999999999999432, 2.539999999999946745, 0.000000000000000000 ) ) ;
#1316 = EDGE_CURVE ( 'NONE', #1708, #2755, #90, .T. ) ;
#1317 = DIRECTION ( 'NONE',  ( -0.000000000000000000, -0.000000000000000000, 1.000000000000000000 ) ) ;
#1318 = ORIENTED_EDGE ( 'NONE', *, *, #3001, .T. ) ;
#1319 = VERTEX_POINT ( 'NONE', #821 ) ;
#1320 = EDGE_CURVE ( 'NONE', #2216, #2553, #1047, .T. ) ;
#1321 = EDGE_CURVE ( 'NONE', #365, #1051, #84, .T. ) ;
#1322 = CARTESIAN_POINT ( 'NONE',  ( 33.01999999999999602, 2.539999999999911662, 0.000000000000000000 ) ) ;
#1323 = CYLINDRICAL_SURFACE ( 'NONE', #2084, 0.4500000000000059508 ) ;
#1324 = EDGE_CURVE ( 'NONE', #144, #2309, #243, .T. ) ;
#1325 = AXIS2_PLACEMENT_3D ( 'NONE', #316, #1995, #114 ) ;
#1326 = DIRECTION ( 'NONE',  ( -0.000000000000000000, -0.000000000000000000, 1.000000000000000000 ) ) ;
#1327 = CARTESIAN_POINT ( 'NONE',  ( 53.33999999999999631, 2.539999999999928981, 0.000000000000000000 ) ) ;
#1328 = VERTEX_POINT ( 'NONE', #1056 ) ;
#1329 = EDGE_CURVE ( 'NONE', #277, #484, #2993, .T. ) ;
#1330 = EDGE_LOOP ( 'NONE', ( #1204, #768, #2458, #1514 ) ) ;
#1331 = ORIENTED_EDGE ( 'NONE', *, *, #2678, .T. ) ;
#1332 = DIRECTION ( 'NONE',  ( 1.000000000000000000, 0.000000000000000000, 0.000000000000000000 ) ) ;
#1333 = AXIS2_PLACEMENT_3D ( 'NONE', #2183, #705, #17 ) ;
#1334 = FACE_OUTER_BOUND ( 'NONE', #3045, .T. ) ;
#1335 = VERTEX_POINT ( 'NONE', #344 ) ;
#1336 = ORIENTED_EDGE ( 'NONE', *, *, #799, .T. ) ;
#1337 = DIRECTION ( 'NONE',  ( -0.000000000000000000, -0.000000000000000000, 1.000000000000000000 ) ) ;
#1338 = CARTESIAN_POINT ( 'NONE',  ( 1.000000000000013767, 52.53000000000000114, 1.600000000000000089 ) ) ;
#1339 = AXIS2_PLACEMENT_3D ( 'NONE', #1496, #1507, #1039 ) ;
#1340 = CARTESIAN_POINT ( 'NONE',  ( 32.56999999999999318, 2.539999999999911662, 1.600000000000000089 ) ) ;
#1341 = CARTESIAN_POINT ( 'NONE',  ( 31.48999999999999844, 50.79999999999992610, 0.000000000000000000 ) ) ;
#1342 = CARTESIAN_POINT ( 'NONE',  ( 57.96999999999999886, 50.79999999999996163, 1.600000000000000089 ) ) ;
#1343 = ORIENTED_EDGE ( 'NONE', *, *, #806, .T. ) ;
#1344 = EDGE_LOOP ( 'NONE', ( #91, #1801 ) ) ;
#1345 = AXIS2_PLACEMENT_3D ( 'NONE', #1144, #3103, #2862 ) ;
#1346 = DIRECTION ( 'NONE',  ( 1.000000000000000000, 0.000000000000000000, 0.000000000000000000 ) ) ;
#1347 = LINE ( 'NONE', #2507, #1868 ) ;
#1348 = ORIENTED_EDGE ( 'NONE', *, *, #2881, .F. ) ;
#1349 = EDGE_LOOP ( 'NONE', ( #2493, #2784 ) ) ;
#1350 = AXIS2_PLACEMENT_3D ( 'NONE', #2669, #529, #786 ) ;
#1351 = DIRECTION ( 'NONE',  ( -0.000000000000000000, -0.000000000000000000, 1.000000000000000000 ) ) ;
#1352 = DIRECTION ( 'NONE',  ( 1.000000000000000000, 0.000000000000000000, 0.000000000000000000 ) ) ;
#1353 = CARTESIAN_POINT ( 'NONE',  ( 21.32999999999999829, 50.79999999999986215, 1.600000000000000089 ) ) ;
#1354 = DIRECTION ( 'NONE',  ( 0.000000000000000000, 0.000000000000000000, 1.000000000000000000 ) ) ;
#1355 = DIRECTION ( 'NONE',  ( 0.000000000000000000, 0.000000000000000000, 1.000000000000000000 ) ) ;
#1356 = EDGE_CURVE ( 'NONE', #1970, #1619, #1070, .T. ) ;
#1357 = CARTESIAN_POINT ( 'NONE',  ( 30.47999999999999332, 2.539999999999893898, 0.000000000000000000 ) ) ;
#1358 = EDGE_CURVE ( 'NONE', #39, #1534, #3009, .T. ) ;
#1359 = ORIENTED_EDGE ( 'NONE', *, *, #1592, .T. ) ;
#1360 = EDGE_LOOP ( 'NONE', ( #9, #676, #1383, #2042 ) ) ;
#1361 = EDGE_CURVE ( 'NONE', #2956, #1397, #837, .T. ) ;
#1362 = CARTESIAN_POINT ( 'NONE',  ( 53.33999999999999631, 50.79999999999992610, 1.600000000000000089 ) ) ;
#1363 = FACE_BOUND ( 'NONE', #1784, .T. ) ;
#1364 = ORIENTED_EDGE ( 'NONE', *, *, #1686, .T. ) ;
#1365 = EDGE_LOOP ( 'NONE', ( #1711, #2364 ) ) ;
#1366 = DIRECTION ( 'NONE',  ( 1.000000000000000000, 0.000000000000000000, 0.000000000000000000 ) ) ;
#1367 = DIRECTION ( 'NONE',  ( 1.000000000000000000, 0.000000000000000000, 0.000000000000000000 ) ) ;
#1368 = CARTESIAN_POINT ( 'NONE',  ( 55.42999999999999972, 50.79999999999994031, 1.600000000000000089 ) ) ;
#1369 = DIRECTION ( 'NONE',  ( 0.000000000000000000, 0.000000000000000000, 1.000000000000000000 ) ) ;
#1370 = CIRCLE ( 'NONE', #2487, 0.4499999999999990119 ) ;
#1371 = AXIS2_PLACEMENT_3D ( 'NONE', #1502, #2474, #586 ) ;
#1372 = ORIENTED_EDGE ( 'NONE', *, *, #1645, .T. ) ;
#1373 = FACE_BOUND ( 'NONE', #1300, .T. ) ;
#1374 = DIRECTION ( 'NONE',  ( 1.000000000000000000, 0.000000000000000000, 0.000000000000000000 ) ) ;
#1375 = DIRECTION ( 'NONE',  ( 1.000000000000000000, 0.000000000000000000, 0.000000000000000000 ) ) ;
#1376 = DIRECTION ( 'NONE',  ( 1.000000000000000000, 0.000000000000000000, 0.000000000000000000 ) ) ;
#1377 = EDGE_CURVE ( 'NONE', #408, #1662, #2106, .T. ) ;
#1378 = ORIENTED_EDGE ( 'NONE', *, *, #952, .T. ) ;
#1379 = EDGE_LOOP ( 'NONE', ( #581, #157, #906, #2243 ) ) ;
#1380 = VECTOR ( 'NONE', #2550, 1000.000000000000000 ) ;
#1381 = CARTESIAN_POINT ( 'NONE',  ( 41.20000000000000284, 50.79999999999999716, 1.600000000000000089 ) ) ;
#1382 = DIRECTION ( 'NONE',  ( 0.000000000000000000, 0.000000000000000000, 1.000000000000000000 ) ) ;
#1383 = ORIENTED_EDGE ( 'NONE', *, *, #1329, .T. ) ;
#1384 = EDGE_CURVE ( 'NONE', #446, #3032, #1600, .T. ) ;
#1385 = VECTOR ( 'NONE', #787, 1000.000000000000000 ) ;
#1386 = DIRECTION ( 'NONE',  ( 0.000000000000000000, 0.000000000000000000, 1.000000000000000000 ) ) ;
#1387 = DIRECTION ( 'NONE',  ( -0.000000000000000000, -0.000000000000000000, 1.000000000000000000 ) ) ;
#1388 = FACE_OUTER_BOUND ( 'NONE', #359, .T. ) ;
#1389 = AXIS2_PLACEMENT_3D ( 'NONE', #1537, #340, #3004 ) ;
#1390 = EDGE_LOOP ( 'NONE', ( #1212, #1736, #2465, #1093 ) ) ;
#1391 = CARTESIAN_POINT ( 'NONE',  ( 66.03999999999999204, 25.35000000000000142, 1.600000000000000089 ) ) ;
#1392 = AXIS2_PLACEMENT_3D ( 'NONE', #1732, #2950, #1114 ) ;
#1393 = DIRECTION ( 'NONE',  ( 0.000000000000000000, 0.000000000000000000, 1.000000000000000000 ) ) ;
#1394 = DIRECTION ( 'NONE',  ( -0.000000000000000000, -0.000000000000000000, 1.000000000000000000 ) ) ;
#1395 = FACE_BOUND ( 'NONE', #1845, .T. ) ;
#1396 = AXIS2_PLACEMENT_3D ( 'NONE', #2047, #3036, #370 ) ;
#1397 = VERTEX_POINT ( 'NONE', #1342 ) ;
#1398 = ORIENTED_EDGE ( 'NONE', *, *, #2117, .F. ) ;
#1399 = CARTESIAN_POINT ( 'NONE',  ( 68.00000000000001421, 52.53000000000000114, 0.000000000000000000 ) ) ;
#1400 = CARTESIAN_POINT ( 'NONE',  ( 61.40999999999999659, 50.79999999999997584, 0.000000000000000000 ) ) ;
#1401 = ORIENTED_EDGE ( 'NONE', *, *, #2573, .T. ) ;
#1402 = FACE_OUTER_BOUND ( 'NONE', #2470, .T. ) ;
#1403 = CARTESIAN_POINT ( 'NONE',  ( 52.89000000000000057, 50.79999999999992610, 0.000000000000000000 ) ) ;
#1404 = DIRECTION ( 'NONE',  ( -0.000000000000000000, -0.000000000000000000, 1.000000000000000000 ) ) ;
#1405 = ORIENTED_EDGE ( 'NONE', *, *, #2112, .F. ) ;
#1406 = FACE_OUTER_BOUND ( 'NONE', #2450, .T. ) ;
#1407 = DIRECTION ( 'NONE',  ( 1.000000000000000000, 0.000000000000000000, 0.000000000000000000 ) ) ;
#1408 = CARTESIAN_POINT ( 'NONE',  ( 63.49999999999998579, 27.89000000000000057, 0.000000000000000000 ) ) ;
#1409 = FACE_OUTER_BOUND ( 'NONE', #647, .T. ) ;
#1410 = ORIENTED_EDGE ( 'NONE', *, *, #1457, .F. ) ;
#1411 = ORIENTED_EDGE ( 'NONE', *, *, #2215, .F. ) ;
#1412 = EDGE_CURVE ( 'NONE', #1319, #735, #2063, .T. ) ;
#1413 = DIRECTION ( 'NONE',  ( -2.592525277006249895E-16, -1.000000000000000000, 0.000000000000000000 ) ) ;
#1414 = LINE ( 'NONE', #2092, #1044 ) ;
#1415 = ORIENTED_EDGE ( 'NONE', *, *, #470, .F. ) ;
#1416 = EDGE_CURVE ( 'NONE', #158, #1702, #339, .T. ) ;
#1417 = CIRCLE ( 'NONE', #353, 0.4500000000000059508 ) ;
#1418 = FACE_OUTER_BOUND ( 'NONE', #223, .T. ) ;
#1419 = AXIS2_PLACEMENT_3D ( 'NONE', #978, #1456, #2705 ) ;
#1420 = DIRECTION ( 'NONE',  ( 1.000000000000000000, 0.000000000000000000, 0.000000000000000000 ) ) ;
#1421 = CARTESIAN_POINT ( 'NONE',  ( 43.17999999999999261, 2.539999999999982272, 0.000000000000000000 ) ) ;
#1422 = EDGE_CURVE ( 'NONE', #2429, #1629, #794, .T. ) ;
#1423 = AXIS2_PLACEMENT_3D ( 'NONE', #1636, #2131, #1209 ) ;
#1424 = VERTEX_POINT ( 'NONE', #2794 ) ;
#1425 = FACE_BOUND ( 'NONE', #969, .T. ) ;
#1426 = EDGE_CURVE ( 'NONE', #1676, #659, #2799, .T. ) ;
#1427 = DIRECTION ( 'NONE',  ( -0.000000000000000000, -0.000000000000000000, 1.000000000000000000 ) ) ;
#1428 = AXIS2_PLACEMENT_3D ( 'NONE', #1571, #848, #1352 ) ;
#1429 = FACE_BOUND ( 'NONE', #2391, .T. ) ;
#1430 = EDGE_LOOP ( 'NONE', ( #1434, #1614, #14, #927 ) ) ;
#1431 = CARTESIAN_POINT ( 'NONE',  ( 34.03000000000000114, 50.79999999999994031, 1.600000000000000089 ) ) ;
#1432 = CARTESIAN_POINT ( 'NONE',  ( 67.00000000000002842, 0.000000000000000000, 0.000000000000000000 ) ) ;
#1433 = AXIS2_PLACEMENT_3D ( 'NONE', #1408, #1394, #921 ) ;
#1434 = ORIENTED_EDGE ( 'NONE', *, *, #3001, .F. ) ;
#1435 = CARTESIAN_POINT ( 'NONE',  ( 60.96000000000000085, 50.79999999999997584, 0.000000000000000000 ) ) ;
#1436 = CARTESIAN_POINT ( 'NONE',  ( 58.86999999999999744, 2.539999999999964508, 1.600000000000000089 ) ) ;
#1437 = CARTESIAN_POINT ( 'NONE',  ( 28.38999999999999346, 2.539999999999876135, 1.600000000000000089 ) ) ;
#1438 = AXIS2_PLACEMENT_3D ( 'NONE', #675, #2963, #757 ) ;
#1439 = ORIENTED_EDGE ( 'NONE', *, *, #210, .F. ) ;
#1440 = FACE_BOUND ( 'NONE', #2053, .T. ) ;
#1441 = DIRECTION ( 'NONE',  ( 1.000000000000000000, 0.000000000000000000, 0.000000000000000000 ) ) ;
#1442 = FACE_BOUND ( 'NONE', #753, .T. ) ;
#1443 = ORIENTED_EDGE ( 'NONE', *, *, #657, .F. ) ;
#1444 = EDGE_LOOP ( 'NONE', ( #2232, #1267, #1554, #3048 ) ) ;
#1445 = CYLINDRICAL_SURFACE ( 'NONE', #2694, 0.4499999999999990119 ) ;
#1446 = AXIS2_PLACEMENT_3D ( 'NONE', #694, #3129, #491 ) ;
#1447 = DIRECTION ( 'NONE',  ( -0.000000000000000000, -0.000000000000000000, 1.000000000000000000 ) ) ;
#1448 = ORIENTED_EDGE ( 'NONE', *, *, #698, .F. ) ;
#1449 = LINE ( 'NONE', #1714, #2241 ) ;
#1450 = FACE_OUTER_BOUND ( 'NONE', #567, .T. ) ;
#1451 = CARTESIAN_POINT ( 'NONE',  ( 58.42000000000000171, 50.79999999999996163, 0.000000000000000000 ) ) ;
#1452 = VECTOR ( 'NONE', #580, 1000.000000000000000 ) ;
#1453 = CIRCLE ( 'NONE', #639, 0.4499999999999990119 ) ;
#1454 = AXIS2_PLACEMENT_3D ( 'NONE', #607, #1576, #2545 ) ;
#1455 = EDGE_LOOP ( 'NONE', ( #1609, #2476 ) ) ;
#1456 = DIRECTION ( 'NONE',  ( -0.000000000000000000, -0.000000000000000000, 1.000000000000000000 ) ) ;
#1457 = EDGE_CURVE ( 'NONE', #440, #1818, #2600, .T. ) ;
#1458 = CARTESIAN_POINT ( 'NONE',  ( 43.62999999999999545, 2.539999999999982272, 0.000000000000000000 ) ) ;
#1459 = ADVANCED_FACE ( 'NONE', ( #1825 ), #594, .F. ) ;
#1460 = FACE_OUTER_BOUND ( 'NONE', #55, .T. ) ;
#1461 = VERTEX_POINT ( 'NONE', #1590 ) ;
#1462 = VERTEX_POINT ( 'NONE', #1087 ) ;
#1463 = EDGE_CURVE ( 'NONE', #277, #1319, #1234, .T. ) ;
#1464 = DIRECTION ( 'NONE',  ( 1.000000000000000000, 0.000000000000000000, 0.000000000000000000 ) ) ;
#1465 = CARTESIAN_POINT ( 'NONE',  ( 51.25000000000000000, 50.79999999999990479, 0.000000000000000000 ) ) ;
#1466 = ORIENTED_EDGE ( 'NONE', *, *, #1358, .F. ) ;
#1467 = CARTESIAN_POINT ( 'NONE',  ( 39.55999999999999517, 50.79999999999997584, 0.000000000000000000 ) ) ;
#1468 = CARTESIAN_POINT ( 'NONE',  ( 66.53999999999999204, 25.35000000000000142, 0.000000000000000000 ) ) ;
#1469 = VECTOR ( 'NONE', #1815, 1000.000000000000000 ) ;
#1470 = ORIENTED_EDGE ( 'NONE', *, *, #952, .F. ) ;
#1471 = DIRECTION ( 'NONE',  ( 0.000000000000000000, 0.000000000000000000, 1.000000000000000000 ) ) ;
#1472 = CIRCLE ( 'NONE', #60, 0.4499999999999990119 ) ;
#1473 = ORIENTED_EDGE ( 'NONE', *, *, #3109, .F. ) ;
#1474 = VERTEX_POINT ( 'NONE', #3026 ) ;
#1475 = CIRCLE ( 'NONE', #1371, 0.4499999999999990119 ) ;
#1476 = EDGE_CURVE ( 'NONE', #2909, #521, #1606, .T. ) ;
#1477 = DIRECTION ( 'NONE',  ( 0.000000000000000000, -0.000000000000000000, 1.000000000000000000 ) ) ;
#1478 = LINE ( 'NONE', #2432, #3126 ) ;
#1479 = ORIENTED_EDGE ( 'NONE', *, *, #2981, .T. ) ;
#1480 = CARTESIAN_POINT ( 'NONE',  ( 23.86999999999999744, 50.79999999999987637, 1.600000000000000089 ) ) ;
#1481 = CARTESIAN_POINT ( 'NONE',  ( 36.57000000000000028, 50.79999999999996163, 0.000000000000000000 ) ) ;
#1482 = DIRECTION ( 'NONE',  ( 1.000000000000000000, 0.000000000000000000, 0.000000000000000000 ) ) ;
#1483 = ORIENTED_EDGE ( 'NONE', *, *, #1834, .F. ) ;
#1484 = DIRECTION ( 'NONE',  ( -0.000000000000000000, -0.000000000000000000, 1.000000000000000000 ) ) ;
#1485 = AXIS2_PLACEMENT_3D ( 'NONE', #1944, #1912, #2623 ) ;
#1486 = ORIENTED_EDGE ( 'NONE', *, *, #3043, .T. ) ;
#1487 = ORIENTED_EDGE ( 'NONE', *, *, #993, .F. ) ;
#1488 = AXIS2_PLACEMENT_3D ( 'NONE', #433, #1382, #1923 ) ;
#1489 = CARTESIAN_POINT ( 'NONE',  ( 53.33999999999999631, 2.539999999999928981, 1.600000000000000089 ) ) ;
#1490 = ORIENTED_EDGE ( 'NONE', *, *, #987, .T. ) ;
#1491 = CIRCLE ( 'NONE', #1956, 1.000000000000000888 ) ;
#1492 = CYLINDRICAL_SURFACE ( 'NONE', #2517, 0.4500000000000059508 ) ;
#1493 = EDGE_CURVE ( 'NONE', #374, #870, #1735, .T. ) ;
#1494 = DIRECTION ( 'NONE',  ( 0.000000000000000000, 0.000000000000000000, 1.000000000000000000 ) ) ;
#1495 = ADVANCED_FACE ( 'NONE', ( #2330 ), #899, .F. ) ;
#1496 = CARTESIAN_POINT ( 'NONE',  ( 50.79999999999999716, 2.539999999999911662, 1.600000000000000089 ) ) ;
#1497 = CARTESIAN_POINT ( 'NONE',  ( 67.00000000000001421, 52.53000000000000114, 1.600000000000000089 ) ) ;
#1498 = AXIS2_PLACEMENT_3D ( 'NONE', #2163, #2417, #3084 ) ;
#1499 = ORIENTED_EDGE ( 'NONE', *, *, #2808, .T. ) ;
#1500 = ORIENTED_EDGE ( 'NONE', *, *, #67, .F. ) ;
#1501 = ORIENTED_EDGE ( 'NONE', *, *, #2480, .T. ) ;
#1502 = CARTESIAN_POINT ( 'NONE',  ( 45.71999999999999886, 2.540000000000000036, 0.000000000000000000 ) ) ;
#1503 = ORIENTED_EDGE ( 'NONE', *, *, #2161, .F. ) ;
#1504 = EDGE_LOOP ( 'NONE', ( #1137, #783, #2547, #2912 ) ) ;
#1505 = FACE_OUTER_BOUND ( 'NONE', #1379, .T. ) ;
#1506 = LINE ( 'NONE', #2915, #3090 ) ;
#1507 = DIRECTION ( 'NONE',  ( 0.000000000000000000, 0.000000000000000000, 1.000000000000000000 ) ) ;
#1508 = ADVANCED_FACE ( 'NONE', ( #2080 ), #3056, .F. ) ;
#1509 = LINE ( 'NONE', #2240, #2490 ) ;
#1510 = ADVANCED_FACE ( 'NONE', ( #3072 ), #1860, .F. ) ;
#1511 = CARTESIAN_POINT ( 'NONE',  ( 30.02999999999999048, 2.539999999999893898, 0.000000000000000000 ) ) ;
#1512 = ORIENTED_EDGE ( 'NONE', *, *, #1422, .F. ) ;
#1513 = VERTEX_POINT ( 'NONE', #235 ) ;
#1514 = ORIENTED_EDGE ( 'NONE', *, *, #895, .F. ) ;
#1515 = CIRCLE ( 'NONE', #1264, 0.5000000000000004441 ) ;
#1516 = DIRECTION ( 'NONE',  ( -0.000000000000000000, -0.000000000000000000, 1.000000000000000000 ) ) ;
#1517 = LINE ( 'NONE', #2492, #2991 ) ;
#1518 = EDGE_LOOP ( 'NONE', ( #1378, #1336 ) ) ;
#1519 = ORIENTED_EDGE ( 'NONE', *, *, #1879, .F. ) ;
#1520 = CIRCLE ( 'NONE', #2582, 0.4499999999999990119 ) ;
#1521 = AXIS2_PLACEMENT_3D ( 'NONE', #1762, #296, #31 ) ;
#1522 = CARTESIAN_POINT ( 'NONE',  ( 42.72999999999999687, 2.539999999999982272, 0.000000000000000000 ) ) ;
#1523 = DIRECTION ( 'NONE',  ( 1.000000000000000000, 0.000000000000000000, 0.000000000000000000 ) ) ;
#1524 = DIRECTION ( 'NONE',  ( 1.000000000000000000, 0.000000000000000000, 0.000000000000000000 ) ) ;
#1525 = LINE ( 'NONE', #2016, #1050 ) ;
#1526 = CARTESIAN_POINT ( 'NONE',  ( 53.78999999999999915, 2.539999999999928981, 0.000000000000000000 ) ) ;
#1527 =( GEOMETRIC_REPRESENTATION_CONTEXT ( 3 ) GLOBAL_UNCERTAINTY_ASSIGNED_CONTEXT ( ( #2356 ) ) GLOBAL_UNIT_ASSIGNED_CONTEXT ( ( #765, #49, #244 ) ) REPRESENTATION_CONTEXT ( 'NONE', 'WORKASPACE' ) );
#1528 = ORIENTED_EDGE ( 'NONE', *, *, #698, .T. ) ;
#1529 = ORIENTED_EDGE ( 'NONE', *, *, #1493, .T. ) ;
#1530 = LINE ( 'NONE', #1403, #585 ) ;
#1531 = CIRCLE ( 'NONE', #174, 0.4499999999999990119 ) ;
#1532 = DIRECTION ( 'NONE',  ( 1.000000000000000000, 0.000000000000000000, 0.000000000000000000 ) ) ;
#1533 = CARTESIAN_POINT ( 'NONE',  ( 26.41000000000000014, 50.79999999999989058, 0.000000000000000000 ) ) ;
#1534 = VERTEX_POINT ( 'NONE', #2406 ) ;
#1535 = ORIENTED_EDGE ( 'NONE', *, *, #105, .F. ) ;
#1536 = AXIS2_PLACEMENT_3D ( 'NONE', #877, #1556, #2029 ) ;
#1537 = CARTESIAN_POINT ( 'NONE',  ( 45.71999999999999886, 2.540000000000000036, 1.600000000000000089 ) ) ;
#1538 = DIRECTION ( 'NONE',  ( 0.000000000000000000, 0.000000000000000000, 1.000000000000000000 ) ) ;
#1539 = CARTESIAN_POINT ( 'NONE',  ( 28.38999999999999346, 2.539999999999876135, 0.000000000000000000 ) ) ;
#1540 = DIRECTION ( 'NONE',  ( 1.000000000000000000, 0.000000000000000000, 0.000000000000000000 ) ) ;
#1541 =( GEOMETRIC_REPRESENTATION_CONTEXT ( 3 ) GLOBAL_UNCERTAINTY_ASSIGNED_CONTEXT ( ( #3096 ) ) GLOBAL_UNIT_ASSIGNED_CONTEXT ( ( #1085, #2780, #1103 ) ) REPRESENTATION_CONTEXT ( 'NONE', 'WORKASPACE' ) );
#1542 = ORIENTED_EDGE ( 'NONE', *, *, #1783, .F. ) ;
#1543 = EDGE_CURVE ( 'NONE', #3029, #846, #2860, .T. ) ;
#1544 = EDGE_CURVE ( 'NONE', #1051, #365, #625, .T. ) ;
#1545 = ORIENTED_EDGE ( 'NONE', *, *, #998, .T. ) ;
#1546 = ORIENTED_EDGE ( 'NONE', *, *, #1834, .T. ) ;
#1547 = EDGE_CURVE ( 'NONE', #1818, #52, #2132, .T. ) ;
#1548 = EDGE_CURVE ( 'NONE', #1662, #408, #1689, .T. ) ;
#1549 = AXIS2_PLACEMENT_3D ( 'NONE', #119, #422, #1301 ) ;
#1550 = CARTESIAN_POINT ( 'NONE',  ( 63.50000000000000000, 25.35000000000000142, 1.600000000000000089 ) ) ;
#1551 = DIRECTION ( 'NONE',  ( -1.000000000000000000, -0.000000000000000000, -0.000000000000000000 ) ) ;
#1552 = VERTEX_POINT ( 'NONE', #2608 ) ;
#1553 = ADVANCED_FACE ( 'NONE', ( #691 ), #1621, .F. ) ;
#1554 = ORIENTED_EDGE ( 'NONE', *, *, #2390, .F. ) ;
#1555 = CYLINDRICAL_SURFACE ( 'NONE', #2740, 0.4999999999999865663 ) ;
#1556 = DIRECTION ( 'NONE',  ( -0.000000000000000000, -0.000000000000000000, 1.000000000000000000 ) ) ;
#1557 = DIRECTION ( 'NONE',  ( 0.000000000000000000, 0.000000000000000000, 1.000000000000000000 ) ) ;
#1558 = EDGE_CURVE ( 'NONE', #1077, #1958, #1181, .T. ) ;
#1559 = PRESENTATION_STYLE_ASSIGNMENT (( #3007 ) ) ;
#1560 = DIRECTION ( 'NONE',  ( -0.000000000000000000, -0.000000000000000000, 1.000000000000000000 ) ) ;
#1561 = ORIENTED_EDGE ( 'NONE', *, *, #2511, .T. ) ;
#1562 = VERTEX_POINT ( 'NONE', #1437 ) ;
#1563 = ORIENTED_EDGE ( 'NONE', *, *, #2112, .T. ) ;
#1564 = CIRCLE ( 'NONE', #2782, 0.4499999999999990119 ) ;
#1565 = DIRECTION ( 'NONE',  ( 0.000000000000000000, 0.000000000000000000, 1.000000000000000000 ) ) ;
#1566 = CARTESIAN_POINT ( 'NONE',  ( 23.86999999999999744, 50.79999999999987637, 0.000000000000000000 ) ) ;
#1567 = EDGE_LOOP ( 'NONE', ( #2630, #2296 ) ) ;
#1568 = ORIENTED_EDGE ( 'NONE', *, *, #2511, .F. ) ;
#1569 = DIRECTION ( 'NONE',  ( -0.000000000000000000, -0.000000000000000000, 1.000000000000000000 ) ) ;
#1570 = DIRECTION ( 'NONE',  ( 0.000000000000000000, 0.000000000000000000, 1.000000000000000000 ) ) ;
#1571 = CARTESIAN_POINT ( 'NONE',  ( 58.42000000000000171, 50.79999999999996163, 0.000000000000000000 ) ) ;
#1572 = CIRCLE ( 'NONE', #2951, 1.000000000000000888 ) ;
#1573 = CARTESIAN_POINT ( 'NONE',  ( 60.96000000000000085, 2.539999999999982272, 0.000000000000000000 ) ) ;
#1574 = AXIS2_PLACEMENT_3D ( 'NONE', #2757, #1095, #1297 ) ;
#1575 = CARTESIAN_POINT ( 'NONE',  ( 20.87999999999999545, 50.79999999999986215, 0.000000000000000000 ) ) ;
#1576 = DIRECTION ( 'NONE',  ( 0.000000000000000000, 0.000000000000000000, 1.000000000000000000 ) ) ;
#1577 = VERTEX_POINT ( 'NONE', #254 ) ;
#1578 = ORIENTED_EDGE ( 'NONE', *, *, #1558, .T. ) ;
#1579 = CIRCLE ( 'NONE', #2958, 0.4499999999999990119 ) ;
#1580 = DIRECTION ( 'NONE',  ( 0.000000000000000000, 0.000000000000000000, 1.000000000000000000 ) ) ;
#1581 = DIRECTION ( 'NONE',  ( 0.000000000000000000, 0.000000000000000000, -1.000000000000000000 ) ) ;
#1582 = EDGE_LOOP ( 'NONE', ( #1910, #1029 ) ) ;
#1583 = AXIS2_PLACEMENT_3D ( 'NONE', #2392, #1671, #2119 ) ;
#1584 = DIRECTION ( 'NONE',  ( 0.000000000000000000, 0.000000000000000000, 1.000000000000000000 ) ) ;
#1585 = AXIS2_PLACEMENT_3D ( 'NONE', #1149, #1196, #18 ) ;
#1586 = CYLINDRICAL_SURFACE ( 'NONE', #727, 0.4500000000000025091 ) ;
#1587 = EDGE_CURVE ( 'NONE', #2318, #3033, #1929, .T. ) ;
#1588 = EDGE_CURVE ( 'NONE', #2841, #3104, #2404, .T. ) ;
#1589 = SURFACE_SIDE_STYLE ('',( #593 ) ) ;
#1590 = CARTESIAN_POINT ( 'NONE',  ( 61.40999999999999659, 2.539999999999982272, 1.600000000000000089 ) ) ;
#1591 = CARTESIAN_POINT ( 'NONE',  ( 63.50000000000000000, 30.43000000000000327, 0.000000000000000000 ) ) ;
#1592 = EDGE_CURVE ( 'NONE', #1335, #2475, #2148, .T. ) ;
#1593 = STYLED_ITEM ( 'NONE', ( #1559 ), #2398 ) ;
#1594 = VERTEX_POINT ( 'NONE', #1178 ) ;
#1595 = EDGE_LOOP ( 'NONE', ( #3063, #2745 ) ) ;
#1596 = DIRECTION ( 'NONE',  ( 0.000000000000000000, 0.000000000000000000, 1.000000000000000000 ) ) ;
#1597 = FACE_BOUND ( 'NONE', #3136, .T. ) ;
#1598 = VERTEX_POINT ( 'NONE', #438 ) ;
#1599 = EDGE_LOOP ( 'NONE', ( #2395, #1410, #2552, #1754 ) ) ;
#1600 = CIRCLE ( 'NONE', #3075, 0.4499999999999990119 ) ;
#1601 = CARTESIAN_POINT ( 'NONE',  ( 45.71999999999999886, 50.79999999999987637, 1.600000000000000089 ) ) ;
#1602 = AXIS2_PLACEMENT_3D ( 'NONE', #1327, #624, #126 ) ;
#1603 = CARTESIAN_POINT ( 'NONE',  ( 30.47999999999999332, 2.539999999999893898, 0.000000000000000000 ) ) ;
#1604 = DIRECTION ( 'NONE',  ( 1.000000000000000000, 0.000000000000000000, 0.000000000000000000 ) ) ;
#1605 = LINE ( 'NONE', #703, #1933 ) ;
#1606 = LINE ( 'NONE', #1575, #2198 ) ;
#1607 = EDGE_CURVE ( 'NONE', #2130, #2832, #2657, .T. ) ;
#1608 = ADVANCED_FACE ( 'NONE', ( #3124 ), #205, .F. ) ;
#1609 = ORIENTED_EDGE ( 'NONE', *, *, #823, .F. ) ;
#1610 = FACE_BOUND ( 'NONE', #2840, .T. ) ;
#1611 = EDGE_CURVE ( 'NONE', #2322, #2219, #486, .T. ) ;
#1612 = DIRECTION ( 'NONE',  ( 1.000000000000000000, 0.000000000000000000, 0.000000000000000000 ) ) ;
#1613 = DIRECTION ( 'NONE',  ( 1.000000000000000000, 0.000000000000000000, 0.000000000000000000 ) ) ;
#1614 = ORIENTED_EDGE ( 'NONE', *, *, #2875, .T. ) ;
#1615 = EDGE_LOOP ( 'NONE', ( #1666, #302, #196, #2034 ) ) ;
#1616 = AXIS2_PLACEMENT_3D ( 'NONE', #1566, #364, #1298 ) ;
#1617 = DIRECTION ( 'NONE',  ( 1.000000000000000000, 0.000000000000000000, 0.000000000000000000 ) ) ;
#1618 = CYLINDRICAL_SURFACE ( 'NONE', #2305, 0.4500000000000059508 ) ;
#1619 = VERTEX_POINT ( 'NONE', #3088 ) ;
#1620 = DIRECTION ( 'NONE',  ( 1.000000000000000000, 0.000000000000000000, 0.000000000000000000 ) ) ;
#1621 = CYLINDRICAL_SURFACE ( 'NONE', #1485, 0.4499999999999990119 ) ;
#1622 = AXIS2_PLACEMENT_3D ( 'NONE', #275, #1938, #1739 ) ;
#1623 = AXIS2_PLACEMENT_3D ( 'NONE', #1983, #2957, #290 ) ;
#1624 = ORIENTED_EDGE ( 'NONE', *, *, #858, .T. ) ;
#1625 = CARTESIAN_POINT ( 'NONE',  ( 42.10000000000000142, 50.79999999999999716, 1.600000000000000089 ) ) ;
#1626 = CARTESIAN_POINT ( 'NONE',  ( 45.26999999999999602, 2.540000000000000036, 1.600000000000000089 ) ) ;
#1627 = DIRECTION ( 'NONE',  ( 1.000000000000000000, 0.000000000000000000, 0.000000000000000000 ) ) ;
#1628 = FACE_BOUND ( 'NONE', #1176, .T. ) ;
#1629 = VERTEX_POINT ( 'NONE', #2589 ) ;
#1630 = ORIENTED_EDGE ( 'NONE', *, *, #799, .F. ) ;
#1631 = PRODUCT_DEFINITION_FORMATION_WITH_SPECIFIED_SOURCE ( 'ANY', '', #707, .NOT_KNOWN. ) ;
#1632 = CARTESIAN_POINT ( 'NONE',  ( 35.55999999999999517, 2.539999999999928981, 1.600000000000000089 ) ) ;
#1633 = LINE ( 'NONE', #1158, #1905 ) ;
#1634 = VERTEX_POINT ( 'NONE', #976 ) ;
#1635 = AXIS2_PLACEMENT_3D ( 'NONE', #2515, #2811, #125 ) ;
#1636 = CARTESIAN_POINT ( 'NONE',  ( 23.86999999999999744, 50.79999999999987637, 1.600000000000000089 ) ) ;
#1637 = DIRECTION ( 'NONE',  ( 1.000000000000000000, 0.000000000000000000, 0.000000000000000000 ) ) ;
#1638 = EDGE_CURVE ( 'NONE', #582, #513, #2342, .T. ) ;
#1639 = AXIS2_PLACEMENT_3D ( 'NONE', #1837, #604, #862 ) ;
#1640 = ORIENTED_EDGE ( 'NONE', *, *, #1463, .T. ) ;
#1641 = FACE_BOUND ( 'NONE', #2864, .T. ) ;
#1642 = AXIS2_PLACEMENT_3D ( 'NONE', #475, #1934, #2594 ) ;
#1643 = CARTESIAN_POINT ( 'NONE',  ( 50.79999999999999716, 50.79999999999990479, 0.000000000000000000 ) ) ;
#1644 = CARTESIAN_POINT ( 'NONE',  ( 46.16999999999999460, 50.79999999999987637, 0.000000000000000000 ) ) ;
#1645 = EDGE_CURVE ( 'NONE', #2236, #2276, #1669, .T. ) ;
#1646 = FACE_BOUND ( 'NONE', #509, .T. ) ;
#1647 = ORIENTED_EDGE ( 'NONE', *, *, #2739, .F. ) ;
#1648 = ADVANCED_FACE ( 'NONE', ( #415 ), #1685, .F. ) ;
#1649 = ORIENTED_EDGE ( 'NONE', *, *, #192, .F. ) ;
#1650 = LINE ( 'NONE', #2634, #1268 ) ;
#1651 = EDGE_CURVE ( 'NONE', #62, #2165, #1036, .T. ) ;
#1652 = CYLINDRICAL_SURFACE ( 'NONE', #435, 0.4499999999999990119 ) ;
#1653 = ORIENTED_EDGE ( 'NONE', *, *, #2810, .T. ) ;
#1654 = DIRECTION ( 'NONE',  ( 1.000000000000000000, 0.000000000000000000, 0.000000000000000000 ) ) ;
#1655 = CARTESIAN_POINT ( 'NONE',  ( 45.71999999999999886, 2.540000000000000036, 0.000000000000000000 ) ) ;
#1656 = DIRECTION ( 'NONE',  ( -0.000000000000000000, -0.000000000000000000, 1.000000000000000000 ) ) ;
#1657 = EDGE_CURVE ( 'NONE', #25, #2126, #283, .T. ) ;
#1658 = ORIENTED_EDGE ( 'NONE', *, *, #916, .T. ) ;
#1659 = FACE_BOUND ( 'NONE', #2381, .T. ) ;
#1660 = FACE_OUTER_BOUND ( 'NONE', #3039, .T. ) ;
#1661 = CARTESIAN_POINT ( 'NONE',  ( 23.86999999999999744, 50.79999999999987637, 0.000000000000000000 ) ) ;
#1662 = VERTEX_POINT ( 'NONE', #1468 ) ;
#1663 = ORIENTED_EDGE ( 'NONE', *, *, #1890, .T. ) ;
#1664 = DIRECTION ( 'NONE',  ( -0.000000000000000000, -0.000000000000000000, 1.000000000000000000 ) ) ;
#1665 = DIRECTION ( 'NONE',  ( 0.000000000000000000, 0.000000000000000000, 1.000000000000000000 ) ) ;
#1666 = ORIENTED_EDGE ( 'NONE', *, *, #2875, .F. ) ;
#1667 = DIRECTION ( 'NONE',  ( 1.000000000000000000, 0.000000000000000000, 0.000000000000000000 ) ) ;
#1668 = CARTESIAN_POINT ( 'NONE',  ( 63.95000000000000995, 2.540000000000000036, 0.000000000000000000 ) ) ;
#1669 = LINE ( 'NONE', #723, #229 ) ;
#1670 = VERTEX_POINT ( 'NONE', #557 ) ;
#1671 = DIRECTION ( 'NONE',  ( 0.000000000000000000, 0.000000000000000000, 1.000000000000000000 ) ) ;
#1672 = AXIS2_PLACEMENT_3D ( 'NONE', #1601, #2805, #1366 ) ;
#1673 = LINE ( 'NONE', #1458, #34 ) ;
#1674 = CIRCLE ( 'NONE', #465, 0.5000000000000004441 ) ;
#1675 = DIRECTION ( 'NONE',  ( 0.000000000000000000, 0.000000000000000000, 1.000000000000000000 ) ) ;
#1676 = VERTEX_POINT ( 'NONE', #2468 ) ;
#1677 = EDGE_CURVE ( 'NONE', #25, #2353, #2293, .T. ) ;
#1678 = EDGE_LOOP ( 'NONE', ( #1751, #28, #1561, #2770 ) ) ;
#1679 = CARTESIAN_POINT ( 'NONE',  ( 39.55999999999999517, 50.79999999999997584, 0.000000000000000000 ) ) ;
#1680 = FACE_OUTER_BOUND ( 'NONE', #1248, .T. ) ;
#1681 = AXIS2_PLACEMENT_3D ( 'NONE', #2595, #3061, #2373 ) ;
#1682 = EDGE_LOOP ( 'NONE', ( #1439, #2037 ) ) ;
#1683 = EDGE_CURVE ( 'NONE', #2353, #1109, #2497, .T. ) ;
#1684 = CYLINDRICAL_SURFACE ( 'NONE', #602, 0.4499999999999990119 ) ;
#1685 = CYLINDRICAL_SURFACE ( 'NONE', #881, 0.4499999999999990119 ) ;
#1686 = EDGE_CURVE ( 'NONE', #1424, #2087, #2703, .T. ) ;
#1687 = EDGE_CURVE ( 'NONE', #2857, #378, #1746, .T. ) ;
#1688 = EDGE_CURVE ( 'NONE', #3032, #446, #2965, .T. ) ;
#1689 = CIRCLE ( 'NONE', #323, 0.5000000000000004441 ) ;
#1690 = AXIS2_PLACEMENT_3D ( 'NONE', #1138, #1900, #2354 ) ;
#1691 = EDGE_CURVE ( 'NONE', #1662, #582, #2916, .T. ) ;
#1692 = CIRCLE ( 'NONE', #1639, 0.4500000000000025091 ) ;
#1693 = VERTEX_POINT ( 'NONE', #322 ) ;
#1694 = DIRECTION ( 'NONE',  ( -0.000000000000000000, -0.000000000000000000, 1.000000000000000000 ) ) ;
#1695 = CARTESIAN_POINT ( 'NONE',  ( 63.95000000000000995, 50.79999999999999716, 1.600000000000000089 ) ) ;
#1696 = LINE ( 'NONE', #1526, #1452 ) ;
#1697 = VERTEX_POINT ( 'NONE', #2689 ) ;
#1698 = ORIENTED_EDGE ( 'NONE', *, *, #510, .F. ) ;
#1699 = DIRECTION ( 'NONE',  ( 0.000000000000000000, 0.000000000000000000, 1.000000000000000000 ) ) ;
#1700 = CIRCLE ( 'NONE', #332, 0.4500000000000025091 ) ;
#1701 = CARTESIAN_POINT ( 'NONE',  ( 63.00000000000001421, 30.43000000000000327, 0.000000000000000000 ) ) ;
#1702 = VERTEX_POINT ( 'NONE', #2224 ) ;
#1703 = DIRECTION ( 'NONE',  ( 1.000000000000000000, 0.000000000000000000, 0.000000000000000000 ) ) ;
#1704 = CARTESIAN_POINT ( 'NONE',  ( 63.95000000000000995, 2.540000000000000036, 0.000000000000000000 ) ) ;
#1705 = DIRECTION ( 'NONE',  ( 1.000000000000000000, 0.000000000000000000, 0.000000000000000000 ) ) ;
#1706 = CIRCLE ( 'NONE', #1852, 0.4499999999999990119 ) ;
#1707 = CIRCLE ( 'NONE', #2667, 0.4499999999999990119 ) ;
#1708 = VERTEX_POINT ( 'NONE', #743 ) ;
#1709 = CARTESIAN_POINT ( 'NONE',  ( 47.80999999999999517, 50.79999999999989058, 1.600000000000000089 ) ) ;
#1710 = ORIENTED_EDGE ( 'NONE', *, *, #700, .F. ) ;
#1711 = ORIENTED_EDGE ( 'NONE', *, *, #2574, .F. ) ;
#1712 = DIRECTION ( 'NONE',  ( 1.000000000000000000, 0.000000000000000000, 0.000000000000000000 ) ) ;
#1713 = ORIENTED_EDGE ( 'NONE', *, *, #1779, .F. ) ;
#1714 = CARTESIAN_POINT ( 'NONE',  ( 58.86999999999999744, 50.79999999999996163, 0.000000000000000000 ) ) ;
#1715 = DIRECTION ( 'NONE',  ( 0.000000000000000000, 0.000000000000000000, 1.000000000000000000 ) ) ;
#1716 = DIRECTION ( 'NONE',  ( -0.000000000000000000, -0.000000000000000000, 1.000000000000000000 ) ) ;
#1717 = CIRCLE ( 'NONE', #2125, 0.4500000000000025091 ) ;
#1718 = AXIS2_PLACEMENT_3D ( 'NONE', #1213, #2672, #2953 ) ;
#1719 = CARTESIAN_POINT ( 'NONE',  ( 45.26999999999999602, 2.540000000000000036, 0.000000000000000000 ) ) ;
#1720 = ORIENTED_EDGE ( 'NONE', *, *, #424, .F. ) ;
#1721 = DIRECTION ( 'NONE',  ( 1.000000000000000000, 0.000000000000000000, 0.000000000000000000 ) ) ;
#1722 = ORIENTED_EDGE ( 'NONE', *, *, #916, .F. ) ;
#1723 = ORIENTED_EDGE ( 'NONE', *, *, #472, .F. ) ;
#1724 = AXIS2_PLACEMENT_3D ( 'NONE', #1191, #956, #2663 ) ;
#1725 = DIRECTION ( 'NONE',  ( 0.000000000000000000, 0.000000000000000000, 1.000000000000000000 ) ) ;
#1726 = ADVANCED_FACE ( 'NONE', ( #74 ), #2239, .F. ) ;
#1727 = ORIENTED_EDGE ( 'NONE', *, *, #1184, .F. ) ;
#1728 = DIRECTION ( 'NONE',  ( -0.000000000000000000, -0.000000000000000000, 1.000000000000000000 ) ) ;
#1729 = CARTESIAN_POINT ( 'NONE',  ( 55.42999999999999972, 50.79999999999994031, 0.000000000000000000 ) ) ;
#1730 = CARTESIAN_POINT ( 'NONE',  ( 34.03000000000000114, 50.79999999999994031, 0.000000000000000000 ) ) ;
#1731 = FACE_OUTER_BOUND ( 'NONE', #2425, .T. ) ;
#1732 = CARTESIAN_POINT ( 'NONE',  ( 27.93999999999999417, 2.539999999999876135, 1.600000000000000089 ) ) ;
#1733 = ORIENTED_EDGE ( 'NONE', *, *, #284, .T. ) ;
#1734 = DIRECTION ( 'NONE',  ( 1.000000000000000000, 0.000000000000000000, 0.000000000000000000 ) ) ;
#1735 = CIRCLE ( 'NONE', #2245, 0.4499999999999990119 ) ;
#1736 = ORIENTED_EDGE ( 'NONE', *, *, #2017, .T. ) ;
#1737 = ORIENTED_EDGE ( 'NONE', *, *, #1361, .T. ) ;
#1738 = ADVANCED_FACE ( 'NONE', ( #2948 ), #775, .F. ) ;
#1739 = DIRECTION ( 'NONE',  ( 1.000000000000000000, 0.000000000000000000, 0.000000000000000000 ) ) ;
#1740 = ORIENTED_EDGE ( 'NONE', *, *, #2161, .T. ) ;
#1741 = ADVANCED_FACE ( 'NONE', ( #308 ), #1243, .F. ) ;
#1742 = CIRCLE ( 'NONE', #2708, 0.4499999999999990119 ) ;
#1743 = CARTESIAN_POINT ( 'NONE',  ( 24.31999999999999673, 50.79999999999987637, 0.000000000000000000 ) ) ;
#1744 = EDGE_CURVE ( 'NONE', #2236, #1294, #1279, .T. ) ;
#1745 = CARTESIAN_POINT ( 'NONE',  ( 42.10000000000000142, 50.79999999999999716, 0.000000000000000000 ) ) ;
#1746 = LINE ( 'NONE', #1989, #3118 ) ;
#1747 = DIRECTION ( 'NONE',  ( -0.000000000000000000, 0.000000000000000000, 1.000000000000000000 ) ) ;
#1748 = AXIS2_PLACEMENT_3D ( 'NONE', #2928, #500, #739 ) ;
#1749 = EDGE_CURVE ( 'NONE', #1552, #2929, #1531, .T. ) ;
#1750 = DIRECTION ( 'NONE',  ( -0.000000000000000000, -0.000000000000000000, 1.000000000000000000 ) ) ;
#1751 = ORIENTED_EDGE ( 'NONE', *, *, #2078, .F. ) ;
#1752 = VECTOR ( 'NONE', #57, 1000.000000000000000 ) ;
#1753 = EDGE_LOOP ( 'NONE', ( #1640, #1546 ) ) ;
#1754 = ORIENTED_EDGE ( 'NONE', *, *, #1981, .T. ) ;
#1755 = CARTESIAN_POINT ( 'NONE',  ( 63.99999999999998579, 25.35000000000000142, 1.600000000000000089 ) ) ;
#1756 = CARTESIAN_POINT ( 'NONE',  ( 24.31999999999999673, 50.79999999999987637, 1.600000000000000089 ) ) ;
#1757 = ORIENTED_EDGE ( 'NONE', *, *, #2573, .F. ) ;
#1758 = VERTEX_POINT ( 'NONE', #294 ) ;
#1759 = FACE_OUTER_BOUND ( 'NONE', #2592, .T. ) ;
#1760 = DIRECTION ( 'NONE',  ( 1.000000000000000000, 0.000000000000000000, 0.000000000000000000 ) ) ;
#1761 = CARTESIAN_POINT ( 'NONE',  ( 18.33999999999999631, 50.79999999999984084, 0.000000000000000000 ) ) ;
#1762 = CARTESIAN_POINT ( 'NONE',  ( 63.50000000000000000, 2.540000000000000036, 1.600000000000000089 ) ) ;
#1763 = DIRECTION ( 'NONE',  ( -0.000000000000000000, -0.000000000000000000, 1.000000000000000000 ) ) ;
#1764 = FACE_BOUND ( 'NONE', #1173, .T. ) ;
#1765 = ORIENTED_EDGE ( 'NONE', *, *, #1657, .T. ) ;
#1766 = CIRCLE ( 'NONE', #1314, 0.4499999999999990119 ) ;
#1767 = ORIENTED_EDGE ( 'NONE', *, *, #2601, .T. ) ;
#1768 = VERTEX_POINT ( 'NONE', #530 ) ;
#1769 = DIRECTION ( 'NONE',  ( 1.000000000000000000, 0.000000000000000000, 0.000000000000000000 ) ) ;
#1770 = CIRCLE ( 'NONE', #2384, 0.4499999999999990119 ) ;
#1771 = CARTESIAN_POINT ( 'NONE',  ( 33.01999999999999602, 2.539999999999911662, 1.600000000000000089 ) ) ;
#1772 = ORIENTED_EDGE ( 'NONE', *, *, #1686, .F. ) ;
#1773 = ORIENTED_EDGE ( 'NONE', *, *, #2673, .T. ) ;
#1774 = CIRCLE ( 'NONE', #2995, 0.4500000000000025091 ) ;
#1775 = FACE_OUTER_BOUND ( 'NONE', #1430, .T. ) ;
#1776 = FACE_OUTER_BOUND ( 'NONE', #2142, .T. ) ;
#1777 = CARTESIAN_POINT ( 'NONE',  ( 21.78000000000000114, 50.79999999999986215, 1.600000000000000089 ) ) ;
#1778 = FACE_OUTER_BOUND ( 'NONE', #130, .T. ) ;
#1779 = EDGE_CURVE ( 'NONE', #2135, #708, #1256, .T. ) ;
#1780 = CARTESIAN_POINT ( 'NONE',  ( 33.46999999999999176, 2.539999999999911662, 0.000000000000000000 ) ) ;
#1781 = AXIS2_PLACEMENT_3D ( 'NONE', #1315, #2039, #1332 ) ;
#1782 = ORIENTED_EDGE ( 'NONE', *, *, #1416, .T. ) ;
#1783 = EDGE_CURVE ( 'NONE', #549, #2509, #528, .T. ) ;
#1784 = EDGE_LOOP ( 'NONE', ( #3116, #1563 ) ) ;
#1785 = EDGE_LOOP ( 'NONE', ( #319, #336, #2711, #1767 ) ) ;
#1786 = VECTOR ( 'NONE', #1387, 1000.000000000000000 ) ;
#1787 = CARTESIAN_POINT ( 'NONE',  ( 37.64999999999999858, 2.539999999999946745, 0.000000000000000000 ) ) ;
#1788 = CARTESIAN_POINT ( 'NONE',  ( 1.387778780781445676E-14, 53.53000000000000114, 1.600000000000000089 ) ) ;
#1789 = ORIENTED_EDGE ( 'NONE', *, *, #1611, .F. ) ;
#1790 = ORIENTED_EDGE ( 'NONE', *, *, #1030, .F. ) ;
#1791 = DIRECTION ( 'NONE',  ( 0.000000000000000000, 0.000000000000000000, 1.000000000000000000 ) ) ;
#1792 = FACE_OUTER_BOUND ( 'NONE', #2610, .T. ) ;
#1793 = DIRECTION ( 'NONE',  ( -0.000000000000000000, -0.000000000000000000, 1.000000000000000000 ) ) ;
#1794 = VECTOR ( 'NONE', #2646, 1000.000000000000000 ) ;
#1795 = DIRECTION ( 'NONE',  ( 0.000000000000000000, 0.000000000000000000, 1.000000000000000000 ) ) ;
#1796 = VECTOR ( 'NONE', #3121, 1000.000000000000000 ) ;
#1797 = EDGE_LOOP ( 'NONE', ( #1064, #2802 ) ) ;
#1798 = AXIS2_PLACEMENT_3D ( 'NONE', #2848, #929, #221 ) ;
#1799 = ORIENTED_EDGE ( 'NONE', *, *, #146, .F. ) ;
#1800 = ADVANCED_FACE ( 'NONE', ( #1271 ), #990, .F. ) ;
#1801 = ORIENTED_EDGE ( 'NONE', *, *, #2331, .F. ) ;
#1802 = DIRECTION ( 'NONE',  ( 1.000000000000000000, 0.000000000000000000, 0.000000000000000000 ) ) ;
#1803 = DIRECTION ( 'NONE',  ( 0.000000000000000000, 0.000000000000000000, 1.000000000000000000 ) ) ;
#1804 = ORIENTED_EDGE ( 'NONE', *, *, #1186, .T. ) ;
#1805 = ORIENTED_EDGE ( 'NONE', *, *, #2981, .F. ) ;
#1806 = CARTESIAN_POINT ( 'NONE',  ( 56.32999999999999829, 50.79999999999994031, 0.000000000000000000 ) ) ;
#1807 = CARTESIAN_POINT ( 'NONE',  ( 41.64999999999999858, 50.79999999999999716, 0.000000000000000000 ) ) ;
#1808 = FACE_OUTER_BOUND ( 'NONE', #38, .T. ) ;
#1809 = FACE_OUTER_BOUND ( 'NONE', #1390, .T. ) ;
#1810 = CARTESIAN_POINT ( 'NONE',  ( 50.79999999999999716, 50.79999999999990479, 0.000000000000000000 ) ) ;
#1811 = VERTEX_POINT ( 'NONE', #2777 ) ;
#1812 = EDGE_LOOP ( 'NONE', ( #2973, #1017 ) ) ;
#1813 = CARTESIAN_POINT ( 'NONE',  ( 53.33999999999999631, 2.539999999999928981, 1.600000000000000089 ) ) ;
#1814 = ADVANCED_FACE ( 'NONE', ( #103 ), #2299, .F. ) ;
#1815 = DIRECTION ( 'NONE',  ( -0.000000000000000000, -0.000000000000000000, 1.000000000000000000 ) ) ;
#1816 = ORIENTED_EDGE ( 'NONE', *, *, #993, .T. ) ;
#1817 = EDGE_CURVE ( 'NONE', #1980, #2871, #578, .T. ) ;
#1818 = VERTEX_POINT ( 'NONE', #367 ) ;
#1819 = EDGE_CURVE ( 'NONE', #2878, #39, #1692, .T. ) ;
#1820 = CARTESIAN_POINT ( 'NONE',  ( 34.03000000000000114, 50.79999999999994031, 0.000000000000000000 ) ) ;
#1821 = LINE ( 'NONE', #2826, #2544 ) ;
#1822 = CIRCLE ( 'NONE', #463, 0.4499999999999990119 ) ;
#1823 = AXIS2_PLACEMENT_3D ( 'NONE', #2807, #1538, #1132 ) ;
#1824 = DIRECTION ( 'NONE',  ( 1.000000000000000000, 0.000000000000000000, 0.000000000000000000 ) ) ;
#1825 = FACE_OUTER_BOUND ( 'NONE', #627, .T. ) ;
#1826 = CYLINDRICAL_SURFACE ( 'NONE', #1602, 0.4499999999999990119 ) ;
#1827 = ORIENTED_EDGE ( 'NONE', *, *, #3070, .F. ) ;
#1828 = VERTEX_POINT ( 'NONE', #395 ) ;
#1829 = CIRCLE ( 'NONE', #1026, 0.4999999999999865663 ) ;
#1830 = CARTESIAN_POINT ( 'NONE',  ( 18.78999999999999915, 50.79999999999984084, 1.600000000000000089 ) ) ;
#1831 = DIRECTION ( 'NONE',  ( -0.000000000000000000, -0.000000000000000000, 1.000000000000000000 ) ) ;
#1832 = ORIENTED_EDGE ( 'NONE', *, *, #2739, .T. ) ;
#1833 = ORIENTED_EDGE ( 'NONE', *, *, #2541, .T. ) ;
#1834 = EDGE_CURVE ( 'NONE', #1319, #277, #2346, .T. ) ;
#1835 = VECTOR ( 'NONE', #1846, 1000.000000000000000 ) ;
#1836 = CARTESIAN_POINT ( 'NONE',  ( 57.96999999999999886, 2.539999999999964508, 1.600000000000000089 ) ) ;
#1837 = CARTESIAN_POINT ( 'NONE',  ( 27.93999999999999417, 2.539999999999876135, 0.000000000000000000 ) ) ;
#1838 = VECTOR ( 'NONE', #1052, 1000.000000000000000 ) ;
#1839 = DIRECTION ( 'NONE',  ( -0.000000000000000000, -0.000000000000000000, 1.000000000000000000 ) ) ;
#1840 = ADVANCED_FACE ( 'NONE', ( #3034 ), #2270, .F. ) ;
#1841 = DIRECTION ( 'NONE',  ( 1.000000000000000000, 0.000000000000000000, 0.000000000000000000 ) ) ;
#1842 = DIRECTION ( 'NONE',  ( 0.000000000000000000, 0.000000000000000000, 1.000000000000000000 ) ) ;
#1843 = EDGE_CURVE ( 'NONE', #1634, #1311, #2093, .T. ) ;
#1844 = AXIS2_PLACEMENT_3D ( 'NONE', #2199, #33, #994 ) ;
#1845 = EDGE_LOOP ( 'NONE', ( #2695, #2020 ) ) ;
#1846 = DIRECTION ( 'NONE',  ( -0.000000000000000000, -0.000000000000000000, 1.000000000000000000 ) ) ;
#1847 = DIRECTION ( 'NONE',  ( 0.000000000000000000, 0.000000000000000000, 1.000000000000000000 ) ) ;
#1848 = CARTESIAN_POINT ( 'NONE',  ( 38.65999999999999659, 50.79999999999997584, 0.000000000000000000 ) ) ;
#1849 = FACE_BOUND ( 'NONE', #195, .T. ) ;
#1850 = ORIENTED_EDGE ( 'NONE', *, *, #2919, .F. ) ;
#1851 = ORIENTED_EDGE ( 'NONE', *, *, #210, .T. ) ;
#1852 = AXIS2_PLACEMENT_3D ( 'NONE', #2752, #1675, #2259 ) ;
#1853 = CIRCLE ( 'NONE', #189, 0.4500000000000025091 ) ;
#1854 = DIRECTION ( 'NONE',  ( 0.000000000000000000, 0.000000000000000000, 1.000000000000000000 ) ) ;
#1855 = AXIS2_PLACEMENT_3D ( 'NONE', #1591, #1355, #2097 ) ;
#1856 = CARTESIAN_POINT ( 'NONE',  ( 31.93999999999999773, 50.79999999999992610, 0.000000000000000000 ) ) ;
#1857 = DIRECTION ( 'NONE',  ( 1.000000000000000000, 0.000000000000000000, 0.000000000000000000 ) ) ;
#1858 = ORIENTED_EDGE ( 'NONE', *, *, #261, .F. ) ;
#1859 = FACE_OUTER_BOUND ( 'NONE', #3110, .T. ) ;
#1860 = CYLINDRICAL_SURFACE ( 'NONE', #3058, 0.4499999999999990119 ) ;
#1861 = VERTEX_POINT ( 'NONE', #167 ) ;
#1862 = FACE_BOUND ( 'NONE', #1931, .T. ) ;
#1863 = DIRECTION ( 'NONE',  ( -0.000000000000000000, 0.000000000000000000, 1.000000000000000000 ) ) ;
#1864 = CARTESIAN_POINT ( 'NONE',  ( 42.10000000000000142, 50.79999999999999716, 0.000000000000000000 ) ) ;
#1865 = CARTESIAN_POINT ( 'NONE',  ( 63.49999999999998579, 27.89000000000000057, 0.000000000000000000 ) ) ;
#1866 = ORIENTED_EDGE ( 'NONE', *, *, #3113, .F. ) ;
#1867 = ORIENTED_EDGE ( 'NONE', *, *, #1657, .F. ) ;
#1868 = VECTOR ( 'NONE', #2522, 1000.000000000000000 ) ;
#1869 = LINE ( 'NONE', #670, #109 ) ;
#1870 = DIRECTION ( 'NONE',  ( 1.000000000000000000, 0.000000000000000000, 0.000000000000000000 ) ) ;
#1871 = ORIENTED_EDGE ( 'NONE', *, *, #424, .T. ) ;
#1872 = CARTESIAN_POINT ( 'NONE',  ( 28.94999999999999574, 50.79999999999990479, 1.600000000000000089 ) ) ;
#1873 = CARTESIAN_POINT ( 'NONE',  ( 33.46999999999999176, 2.539999999999911662, 0.000000000000000000 ) ) ;
#1874 = EDGE_CURVE ( 'NONE', #2274, #1092, #2863, .T. ) ;
#1875 = CARTESIAN_POINT ( 'NONE',  ( 66.03999999999999204, 25.35000000000000142, 1.600000000000000089 ) ) ;
#1876 = CIRCLE ( 'NONE', #1672, 0.4499999999999990119 ) ;
#1877 = CIRCLE ( 'NONE', #19, 0.4499999999999990119 ) ;
#1878 = ADVANCED_FACE ( 'NONE', ( #2539 ), #2314, .F. ) ;
#1879 = EDGE_CURVE ( 'NONE', #2666, #20, #2754, .T. ) ;
#1880 = ADVANCED_FACE ( 'NONE', ( #2525 ), #152, .F. ) ;
#1881 = ORIENTED_EDGE ( 'NONE', *, *, #1285, .F. ) ;
#1882 = FACE_BOUND ( 'NONE', #633, .T. ) ;
#1883 = DIRECTION ( 'NONE',  ( 0.000000000000000000, 0.000000000000000000, 1.000000000000000000 ) ) ;
#1884 = ADVANCED_FACE ( 'NONE', ( #1776 ), #1112, .F. ) ;
#1885 = LINE ( 'NONE', #1644, #118 ) ;
#1886 = CARTESIAN_POINT ( 'NONE',  ( 66.04000000000000625, 27.89000000000000057, 0.000000000000000000 ) ) ;
#1887 = EDGE_LOOP ( 'NONE', ( #553, #1737, #1059, #301 ) ) ;
#1888 = VERTEX_POINT ( 'NONE', #2791 ) ;
#1889 = AXIS2_PLACEMENT_3D ( 'NONE', #3097, #178, #1612 ) ;
#1890 = EDGE_CURVE ( 'NONE', #767, #97, #2457, .T. ) ;
#1891 = CARTESIAN_POINT ( 'NONE',  ( 51.25000000000000000, 2.539999999999911662, 0.000000000000000000 ) ) ;
#1892 = DIRECTION ( 'NONE',  ( 1.000000000000000000, 0.000000000000000000, 0.000000000000000000 ) ) ;
#1893 = ORIENTED_EDGE ( 'NONE', *, *, #169, .T. ) ;
#1894 = CARTESIAN_POINT ( 'NONE',  ( 63.50000000000000000, 50.79999999999999716, 0.000000000000000000 ) ) ;
#1895 = VECTOR ( 'NONE', #1656, 1000.000000000000000 ) ;
#1896 = CARTESIAN_POINT ( 'NONE',  ( 60.96000000000000085, 2.539999999999982272, 1.600000000000000089 ) ) ;
#1897 = DIRECTION ( 'NONE',  ( 0.000000000000000000, 0.000000000000000000, 1.000000000000000000 ) ) ;
#1898 = AXIS2_PLACEMENT_3D ( 'NONE', #1807, #2326, #1367 ) ;
#1899 = VERTEX_POINT ( 'NONE', #636 ) ;
#1900 = DIRECTION ( 'NONE',  ( 0.000000000000000000, 0.000000000000000000, 1.000000000000000000 ) ) ;
#1901 = VECTOR ( 'NONE', #836, 1000.000000000000000 ) ;
#1902 = CARTESIAN_POINT ( 'NONE',  ( 36.00999999999999091, 2.539999999999928981, 1.600000000000000089 ) ) ;
#1903 = CARTESIAN_POINT ( 'NONE',  ( 55.88000000000000256, 50.79999999999994031, 1.600000000000000089 ) ) ;
#1904 = DIRECTION ( 'NONE',  ( 0.000000000000000000, 0.000000000000000000, 1.000000000000000000 ) ) ;
#1905 = VECTOR ( 'NONE', #1131, 1000.000000000000000 ) ;
#1906 = VERTEX_POINT ( 'NONE', #575 ) ;
#1907 = EDGE_LOOP ( 'NONE', ( #351, #2644 ) ) ;
#1908 = DIRECTION ( 'NONE',  ( 1.000000000000000000, 0.000000000000000000, 0.000000000000000000 ) ) ;
#1909 = LINE ( 'NONE', #231, #2001 ) ;
#1910 = ORIENTED_EDGE ( 'NONE', *, *, #1548, .T. ) ;
#1911 = CARTESIAN_POINT ( 'NONE',  ( 45.26999999999999602, 50.79999999999987637, 0.000000000000000000 ) ) ;
#1912 = DIRECTION ( 'NONE',  ( -0.000000000000000000, -0.000000000000000000, 1.000000000000000000 ) ) ;
#1913 = ORIENTED_EDGE ( 'NONE', *, *, #2621, .T. ) ;
#1914 = FACE_BOUND ( 'NONE', #2485, .T. ) ;
#1915 = CARTESIAN_POINT ( 'NONE',  ( 36.11999999999999744, 50.79999999999996163, 0.000000000000000000 ) ) ;
#1916 = DIRECTION ( 'NONE',  ( 1.000000000000000000, 0.000000000000000000, 0.000000000000000000 ) ) ;
#1917 = EDGE_CURVE ( 'NONE', #2219, #2755, #983, .T. ) ;
#1918 = ORIENTED_EDGE ( 'NONE', *, *, #1130, .F. ) ;
#1919 = EDGE_LOOP ( 'NONE', ( #1099, #798 ) ) ;
#1920 = ADVANCED_FACE ( 'NONE', ( #1792 ), #590, .F. ) ;
#1921 = DIRECTION ( 'NONE',  ( 1.000000000000000000, 0.000000000000000000, 0.000000000000000000 ) ) ;
#1922 = EDGE_CURVE ( 'NONE', #596, #42, #421, .T. ) ;
#1923 = DIRECTION ( 'NONE',  ( 1.000000000000000000, 0.000000000000000000, 0.000000000000000000 ) ) ;
#1924 = EDGE_CURVE ( 'NONE', #3017, #939, #1084, .T. ) ;
#1925 = ORIENTED_EDGE ( 'NONE', *, *, #490, .T. ) ;
#1926 = CARTESIAN_POINT ( 'NONE',  ( 63.50000000000000000, 2.540000000000000036, 0.000000000000000000 ) ) ;
#1927 = EDGE_CURVE ( 'NONE', #1007, #2193, #2379, .T. ) ;
#1928 = DIRECTION ( 'NONE',  ( -0.000000000000000000, -0.000000000000000000, 1.000000000000000000 ) ) ;
#1929 = LINE ( 'NONE', #452, #1895 ) ;
#1930 = AXIS2_PLACEMENT_3D ( 'NONE', #2876, #2139, #2374 ) ;
#1931 = EDGE_LOOP ( 'NONE', ( #583, #910 ) ) ;
#1932 = DIRECTION ( 'NONE',  ( 1.000000000000000000, 0.000000000000000000, 0.000000000000000000 ) ) ;
#1933 = VECTOR ( 'NONE', #689, 1000.000000000000000 ) ;
#1934 = DIRECTION ( 'NONE',  ( 0.000000000000000000, 0.000000000000000000, 1.000000000000000000 ) ) ;
#1935 = DIRECTION ( 'NONE',  ( -0.000000000000000000, -0.000000000000000000, 1.000000000000000000 ) ) ;
#1936 = ORIENTED_EDGE ( 'NONE', *, *, #2215, .T. ) ;
#1937 = ORIENTED_EDGE ( 'NONE', *, *, #1687, .T. ) ;
#1938 = DIRECTION ( 'NONE',  ( 0.000000000000000000, 0.000000000000000000, 1.000000000000000000 ) ) ;
#1939 = DIRECTION ( 'NONE',  ( -2.592525277006249895E-16, -1.000000000000000000, 0.000000000000000000 ) ) ;
#1940 = VECTOR ( 'NONE', #405, 1000.000000000000000 ) ;
#1941 = ORIENTED_EDGE ( 'NONE', *, *, #2480, .F. ) ;
#1942 = DIRECTION ( 'NONE',  ( 1.000000000000000000, 0.000000000000000000, 0.000000000000000000 ) ) ;
#1943 = LINE ( 'NONE', #1745, #2226 ) ;
#1944 = CARTESIAN_POINT ( 'NONE',  ( 50.79999999999999716, 2.539999999999911662, 0.000000000000000000 ) ) ;
#1945 = ADVANCED_FACE ( 'NONE', ( #199 ), #1618, .F. ) ;
#1946 = VECTOR ( 'NONE', #2149, 1000.000000000000000 ) ;
#1947 = EDGE_CURVE ( 'NONE', #1598, #2994, #634, .T. ) ;
#1948 = AXIS2_PLACEMENT_3D ( 'NONE', #1081, #2554, #2806 ) ;
#1949 = VERTEX_POINT ( 'NONE', #3135 ) ;
#1950 = CARTESIAN_POINT ( 'NONE',  ( 63.50000000000000000, 25.35000000000000142, 0.000000000000000000 ) ) ;
#1951 = EDGE_CURVE ( 'NONE', #2832, #2401, #2207, .T. ) ;
#1952 = CARTESIAN_POINT ( 'NONE',  ( 60.50999999999999801, 50.79999999999997584, 0.000000000000000000 ) ) ;
#1953 = EDGE_LOOP ( 'NONE', ( #92, #2677, #601, #1722 ) ) ;
#1954 = ORIENTED_EDGE ( 'NONE', *, *, #501, .T. ) ;
#1955 = CARTESIAN_POINT ( 'NONE',  ( 39.10999999999999943, 50.79999999999997584, 0.000000000000000000 ) ) ;
#1956 = AXIS2_PLACEMENT_3D ( 'NONE', #903, #1863, #2836 ) ;
#1957 = CARTESIAN_POINT ( 'NONE',  ( 61.40999999999999659, 2.539999999999982272, 0.000000000000000000 ) ) ;
#1958 = VERTEX_POINT ( 'NONE', #891 ) ;
#1959 = DIRECTION ( 'NONE',  ( -0.000000000000000000, 0.000000000000000000, 1.000000000000000000 ) ) ;
#1960 = CARTESIAN_POINT ( 'NONE',  ( 55.88000000000000256, 2.539999999999946745, 0.000000000000000000 ) ) ;
#1961 = DIRECTION ( 'NONE',  ( 0.000000000000000000, 0.000000000000000000, 1.000000000000000000 ) ) ;
#1962 = CIRCLE ( 'NONE', #592, 0.5000000000000004441 ) ;
#1963 = ORIENTED_EDGE ( 'NONE', *, *, #2456, .T. ) ;
#1964 = EDGE_CURVE ( 'NONE', #1092, #473, #1414, .T. ) ;
#1965 = CYLINDRICAL_SURFACE ( 'NONE', #2227, 0.4499999999999990119 ) ;
#1966 = EDGE_LOOP ( 'NONE', ( #1466, #3076, #2430, #1985 ) ) ;
#1967 = EDGE_LOOP ( 'NONE', ( #1630, #702, #2952, #1473 ) ) ;
#1968 = FACE_OUTER_BOUND ( 'NONE', #2796, .T. ) ;
#1969 = CARTESIAN_POINT ( 'NONE',  ( 1.387778780781445676E-14, 53.53000000000000114, 0.000000000000000000 ) ) ;
#1970 = VERTEX_POINT ( 'NONE', #1432 ) ;
#1971 = CARTESIAN_POINT ( 'NONE',  ( 63.99999999999998579, 25.35000000000000142, 0.000000000000000000 ) ) ;
#1972 = DIRECTION ( 'NONE',  ( -0.000000000000000000, -0.000000000000000000, 1.000000000000000000 ) ) ;
#1973 = DIRECTION ( 'NONE',  ( 1.000000000000000000, 0.000000000000000000, 0.000000000000000000 ) ) ;
#1974 = DIRECTION ( 'NONE',  ( -0.000000000000000000, -0.000000000000000000, 1.000000000000000000 ) ) ;
#1975 = ORIENTED_EDGE ( 'NONE', *, *, #2546, .T. ) ;
#1976 = CARTESIAN_POINT ( 'NONE',  ( 66.04000000000000625, 27.89000000000000057, 1.600000000000000089 ) ) ;
#1977 = EDGE_CURVE ( 'NONE', #1861, #845, #287, .T. ) ;
#1978 = AXIS2_PLACEMENT_3D ( 'NONE', #2127, #2091, #182 ) ;
#1979 = EDGE_LOOP ( 'NONE', ( #3092, #2312 ) ) ;
#1980 = VERTEX_POINT ( 'NONE', #1856 ) ;
#1981 = EDGE_CURVE ( 'NONE', #259, #52, #2812, .T. ) ;
#1982 = VECTOR ( 'NONE', #795, 1000.000000000000000 ) ;
#1983 = CARTESIAN_POINT ( 'NONE',  ( 58.42000000000000171, 50.79999999999996163, 0.000000000000000000 ) ) ;
#1984 = VERTEX_POINT ( 'NONE', #2618 ) ;
#1985 = ORIENTED_EDGE ( 'NONE', *, *, #2032, .T. ) ;
#1986 = DIRECTION ( 'NONE',  ( 0.000000000000000000, 0.000000000000000000, 1.000000000000000000 ) ) ;
#1987 = AXIS2_PLACEMENT_3D ( 'NONE', #1169, #3114, #937 ) ;
#1988 = DIRECTION ( 'NONE',  ( -0.000000000000000000, -0.000000000000000000, 1.000000000000000000 ) ) ;
#1989 = CARTESIAN_POINT ( 'NONE',  ( 35.10999999999999233, 2.539999999999928981, 0.000000000000000000 ) ) ;
#1990 = CARTESIAN_POINT ( 'NONE',  ( 33.01999999999999602, 2.539999999999911662, 1.600000000000000089 ) ) ;
#1991 = CIRCLE ( 'NONE', #70, 0.5000000000000004441 ) ;
#1992 = EDGE_LOOP ( 'NONE', ( #1011, #2996, #2615, #2632 ) ) ;
#1993 = ORIENTED_EDGE ( 'NONE', *, *, #2546, .F. ) ;
#1994 = EDGE_LOOP ( 'NONE', ( #2260, #1542, #1893, #1954 ) ) ;
#1995 = DIRECTION ( 'NONE',  ( -0.000000000000000000, -0.000000000000000000, 1.000000000000000000 ) ) ;
#1996 = ORIENTED_EDGE ( 'NONE', *, *, #626, .F. ) ;
#1997 = CIRCLE ( 'NONE', #1844, 0.4500000000000059508 ) ;
#1998 = CARTESIAN_POINT ( 'NONE',  ( 1.000000000000013767, 53.53000000000000114, 0.000000000000000000 ) ) ;
#1999 = DIRECTION ( 'NONE',  ( -0.000000000000000000, -0.000000000000000000, 1.000000000000000000 ) ) ;
#2000 = CARTESIAN_POINT ( 'NONE',  ( 66.04000000000000625, 27.89000000000000057, 0.000000000000000000 ) ) ;
#2001 = VECTOR ( 'NONE', #2681, 1000.000000000000000 ) ;
#2002 = FACE_OUTER_BOUND ( 'NONE', #1145, .T. ) ;
#2003 = ORIENTED_EDGE ( 'NONE', *, *, #2078, .T. ) ;
#2004 = VECTOR ( 'NONE', #141, 1000.000000000000000 ) ;
#2005 = CIRCLE ( 'NONE', #796, 0.4499999999999990119 ) ;
#2006 = ORIENTED_EDGE ( 'NONE', *, *, #2917, .F. ) ;
#2007 = ORIENTED_EDGE ( 'NONE', *, *, #2685, .T. ) ;
#2008 = CYLINDRICAL_SURFACE ( 'NONE', #2134, 0.4499999999999990119 ) ;
#2009 = ADVANCED_FACE ( 'NONE', ( #2895 ), #719, .F. ) ;
#2010 = DIRECTION ( 'NONE',  ( -0.000000000000000000, -0.000000000000000000, 1.000000000000000000 ) ) ;
#2011 = EDGE_LOOP ( 'NONE', ( #1105, #2548 ) ) ;
#2012 = ORIENTED_EDGE ( 'NONE', *, *, #427, .T. ) ;
#2013 = ADVANCED_FACE ( 'NONE', ( #1680 ), #1652, .F. ) ;
#2014 = EDGE_CURVE ( 'NONE', #3104, #2216, #2652, .T. ) ;
#2015 = DIRECTION ( 'NONE',  ( 1.000000000000000000, 0.000000000000000000, 0.000000000000000000 ) ) ;
#2016 = CARTESIAN_POINT ( 'NONE',  ( 0.000000000000000000, 0.000000000000000000, 0.000000000000000000 ) ) ;
#2017 = EDGE_CURVE ( 'NONE', #3023, #859, #1633, .T. ) ;
#2018 = CARTESIAN_POINT ( 'NONE',  ( 19.23999999999999844, 50.79999999999984084, 0.000000000000000000 ) ) ;
#2019 = CARTESIAN_POINT ( 'NONE',  ( 50.79999999999999716, 50.79999999999990479, 1.600000000000000089 ) ) ;
#2020 = ORIENTED_EDGE ( 'NONE', *, *, #2155, .T. ) ;
#2021 = CIRCLE ( 'NONE', #653, 0.4500000000000025091 ) ;
#2022 = ORIENTED_EDGE ( 'NONE', *, *, #2390, .T. ) ;
#2023 = VERTEX_POINT ( 'NONE', #2603 ) ;
#2024 = DIRECTION ( 'NONE',  ( 1.000000000000000000, 0.000000000000000000, 0.000000000000000000 ) ) ;
#2025 = ORIENTED_EDGE ( 'NONE', *, *, #386, .F. ) ;
#2026 = EDGE_LOOP ( 'NONE', ( #2441, #2852 ) ) ;
#2027 = AXIS2_PLACEMENT_3D ( 'NONE', #53, #523, #2463 ) ;
#2028 = DIRECTION ( 'NONE',  ( 1.000000000000000000, 0.000000000000000000, 0.000000000000000000 ) ) ;
#2029 = DIRECTION ( 'NONE',  ( 1.000000000000000000, 0.000000000000000000, 0.000000000000000000 ) ) ;
#2030 = LINE ( 'NONE', #1102, #2141 ) ;
#2031 = CARTESIAN_POINT ( 'NONE',  ( 0.000000000000000000, 0.000000000000000000, 1.600000000000000089 ) ) ;
#2032 = EDGE_CURVE ( 'NONE', #1562, #1534, #945, .T. ) ;
#2033 = CARTESIAN_POINT ( 'NONE',  ( 67.00000000000002842, 0.000000000000000000, 1.600000000000000089 ) ) ;
#2034 = ORIENTED_EDGE ( 'NONE', *, *, #700, .T. ) ;
#2035 = DIRECTION ( 'NONE',  ( -1.000000000000000000, -0.000000000000000000, -0.000000000000000000 ) ) ;
#2036 = ORIENTED_EDGE ( 'NONE', *, *, #201, .F. ) ;
#2037 = ORIENTED_EDGE ( 'NONE', *, *, #3049, .F. ) ;
#2038 = AXIS2_PLACEMENT_3D ( 'NONE', #2766, #155, #867 ) ;
#2039 = DIRECTION ( 'NONE',  ( 0.000000000000000000, 0.000000000000000000, 1.000000000000000000 ) ) ;
#2040 = CARTESIAN_POINT ( 'NONE',  ( 33.57999999999999829, 50.79999999999994031, 0.000000000000000000 ) ) ;
#2041 = ORIENTED_EDGE ( 'NONE', *, *, #1744, .F. ) ;
#2042 = ORIENTED_EDGE ( 'NONE', *, *, #532, .T. ) ;
#2043 = AXIS2_PLACEMENT_3D ( 'NONE', #816, #1066, #1101 ) ;
#2044 = CARTESIAN_POINT ( 'NONE',  ( 26.41000000000000014, 50.79999999999989058, 1.600000000000000089 ) ) ;
#2045 = DIRECTION ( 'NONE',  ( -0.000000000000000000, -0.000000000000000000, 1.000000000000000000 ) ) ;
#2046 = AXIS2_PLACEMENT_3D ( 'NONE', #1643, #732, #211 ) ;
#2047 = CARTESIAN_POINT ( 'NONE',  ( 55.88000000000000256, 50.79999999999994031, 0.000000000000000000 ) ) ;
#2048 = CARTESIAN_POINT ( 'NONE',  ( 1.000000000000000222, 1.000000000000000000, 0.000000000000000000 ) ) ;
#2049 = AXIS2_PLACEMENT_3D ( 'NONE', #957, #218, #1892 ) ;
#2050 = ORIENTED_EDGE ( 'NONE', *, *, #2959, .F. ) ;
#2051 = EDGE_CURVE ( 'NONE', #2377, #2530, #842, .T. ) ;
#2052 = ORIENTED_EDGE ( 'NONE', *, *, #2337, .F. ) ;
#2053 = EDGE_LOOP ( 'NONE', ( #392, #2598 ) ) ;
#2054 = EDGE_CURVE ( 'NONE', #42, #596, #1094, .T. ) ;
#2055 = DIRECTION ( 'NONE',  ( -0.000000000000000000, -0.000000000000000000, 1.000000000000000000 ) ) ;
#2056 = CARTESIAN_POINT ( 'NONE',  ( 36.57000000000000028, 50.79999999999996163, 1.600000000000000089 ) ) ;
#2057 = EDGE_LOOP ( 'NONE', ( #2519, #2347, #954, #1975 ) ) ;
#2058 = ORIENTED_EDGE ( 'NONE', *, *, #2120, .F. ) ;
#2059 = DIRECTION ( 'NONE',  ( 1.000000000000000000, 0.000000000000000000, 0.000000000000000000 ) ) ;
#2060 = CARTESIAN_POINT ( 'NONE',  ( 41.64999999999999858, 50.79999999999999716, 1.600000000000000089 ) ) ;
#2061 = DIRECTION ( 'NONE',  ( -1.000000000000000000, 0.000000000000000000, 0.000000000000000000 ) ) ;
#2062 = CARTESIAN_POINT ( 'NONE',  ( 57.96999999999999886, 2.539999999999964508, 0.000000000000000000 ) ) ;
#2063 = LINE ( 'NONE', #3037, #2559 ) ;
#2064 = ADVANCED_FACE ( 'NONE', ( #650 ), #2109, .F. ) ;
#2065 = EDGE_LOOP ( 'NONE', ( #1250, #715 ) ) ;
#2066 = ORIENTED_EDGE ( 'NONE', *, *, #2574, .T. ) ;
#2067 = CARTESIAN_POINT ( 'NONE',  ( 60.50999999999999801, 2.539999999999982272, 0.000000000000000000 ) ) ;
#2068 = FACE_BOUND ( 'NONE', #2313, .T. ) ;
#2069 = EDGE_CURVE ( 'NONE', #2529, #596, #1909, .T. ) ;
#2070 = ORIENTED_EDGE ( 'NONE', *, *, #3074, .F. ) ;
#2071 = EDGE_CURVE ( 'NONE', #288, #1461, #251, .T. ) ;
#2072 = ORIENTED_EDGE ( 'NONE', *, *, #1587, .T. ) ;
#2073 = CIRCLE ( 'NONE', #965, 0.4499999999999990119 ) ;
#2074 = DIRECTION ( 'NONE',  ( 1.000000000000000000, 0.000000000000000000, 0.000000000000000000 ) ) ;
#2075 = DIRECTION ( 'NONE',  ( 1.000000000000000000, 0.000000000000000000, 0.000000000000000000 ) ) ;
#2076 = CARTESIAN_POINT ( 'NONE',  ( 50.79999999999999716, 2.539999999999911662, 1.600000000000000089 ) ) ;
#2077 = AXIS2_PLACEMENT_3D ( 'NONE', #2620, #1161, #2167 ) ;
#2078 = EDGE_CURVE ( 'NONE', #365, #778, #1478, .T. ) ;
#2079 = CARTESIAN_POINT ( 'NONE',  ( 56.32999999999999829, 2.539999999999946745, 1.600000000000000089 ) ) ;
#2080 = FACE_OUTER_BOUND ( 'NONE', #2619, .T. ) ;
#2081 = CIRCLE ( 'NONE', #569, 0.4500000000000025091 ) ;
#2082 = VERTEX_POINT ( 'NONE', #1206 ) ;
#2083 = ORIENTED_EDGE ( 'NONE', *, *, #2212, .F. ) ;
#2084 = AXIS2_PLACEMENT_3D ( 'NONE', #2284, #3025, #153 ) ;
#2085 = FACE_OUTER_BOUND ( 'NONE', #2341, .T. ) ;
#2086 = FACE_BOUND ( 'NONE', #2822, .T. ) ;
#2087 = VERTEX_POINT ( 'NONE', #276 ) ;
#2088 = ORIENTED_EDGE ( 'NONE', *, *, #995, .F. ) ;
#2089 = VECTOR ( 'NONE', #222, 1000.000000000000000 ) ;
#2090 = AXIS2_PLACEMENT_3D ( 'NONE', #2471, #2187, #745 ) ;
#2091 = DIRECTION ( 'NONE',  ( 0.000000000000000000, 0.000000000000000000, 1.000000000000000000 ) ) ;
#2092 = CARTESIAN_POINT ( 'NONE',  ( 1.361853528011383251E-14, 52.53000000000000114, 1.600000000000000089 ) ) ;
#2093 = CIRCLE ( 'NONE', #281, 0.4499999999999990119 ) ;
#2094 = LINE ( 'NONE', #2764, #1276 ) ;
#2095 = FACE_OUTER_BOUND ( 'NONE', #2785, .T. ) ;
#2096 = CARTESIAN_POINT ( 'NONE',  ( 40.63999999999999346, 2.539999999999964508, 0.000000000000000000 ) ) ;
#2097 = DIRECTION ( 'NONE',  ( 1.000000000000000000, 0.000000000000000000, 0.000000000000000000 ) ) ;
#2098 = AXIS2_PLACEMENT_3D ( 'NONE', #3055, #2514, #2258 ) ;
#2099 = ORIENTED_EDGE ( 'NONE', *, *, #3008, .T. ) ;
#2100 = FACE_BOUND ( 'NONE', #1194, .T. ) ;
#2101 = LINE ( 'NONE', #2837, #2420 ) ;
#2102 = CARTESIAN_POINT ( 'NONE',  ( 58.42000000000000171, 2.539999999999964508, 0.000000000000000000 ) ) ;
#2103 = FACE_BOUND ( 'NONE', #917, .T. ) ;
#2104 = ORIENTED_EDGE ( 'NONE', *, *, #1543, .F. ) ;
#2105 = ORIENTED_EDGE ( 'NONE', *, *, #2736, .F. ) ;
#2106 = CIRCLE ( 'NONE', #1295, 0.5000000000000004441 ) ;
#2107 = EDGE_CURVE ( 'NONE', #446, #1077, #2208, .T. ) ;
#2108 = DIRECTION ( 'NONE',  ( 0.000000000000000000, 0.000000000000000000, 1.000000000000000000 ) ) ;
#2109 = CYLINDRICAL_SURFACE ( 'NONE', #1246, 0.4499999999999990119 ) ;
#2110 = VERTEX_POINT ( 'NONE', #2664 ) ;
#2111 = EDGE_CURVE ( 'NONE', #3011, #2460, #2609, .T. ) ;
#2112 = EDGE_CURVE ( 'NONE', #1670, #1693, #136, .T. ) ;
#2113 = CARTESIAN_POINT ( 'NONE',  ( 38.54999999999999716, 2.539999999999946745, 1.600000000000000089 ) ) ;
#2114 = ADVANCED_BREP_SHAPE_REPRESENTATION ( 'PCB Arduino', ( #2398, #68 ), #1527 ) ;
#2115 = DIRECTION ( 'NONE',  ( 0.000000000000000000, 0.000000000000000000, 1.000000000000000000 ) ) ;
#2116 = DIRECTION ( 'NONE',  ( 1.000000000000000000, 0.000000000000000000, 0.000000000000000000 ) ) ;
#2117 = EDGE_CURVE ( 'NONE', #1949, #2174, #13, .T. ) ;
#2118 = ORIENTED_EDGE ( 'NONE', *, *, #2289, .T. ) ;
#2119 = DIRECTION ( 'NONE',  ( 1.000000000000000000, 0.000000000000000000, 0.000000000000000000 ) ) ;
#2120 = EDGE_CURVE ( 'NONE', #473, #1702, #2178, .T. ) ;
#2121 = DIRECTION ( 'NONE',  ( -0.000000000000000000, -0.000000000000000000, 1.000000000000000000 ) ) ;
#2122 = CARTESIAN_POINT ( 'NONE',  ( 63.50000000000000000, 30.43000000000000327, 0.000000000000000000 ) ) ;
#2123 = FACE_BOUND ( 'NONE', #98, .T. ) ;
#2124 = ORIENTED_EDGE ( 'NONE', *, *, #1384, .T. ) ;
#2125 = AXIS2_PLACEMENT_3D ( 'NONE', #186, #2115, #234 ) ;
#2126 = VERTEX_POINT ( 'NONE', #2911 ) ;
#2127 = CARTESIAN_POINT ( 'NONE',  ( 63.50000000000000000, 50.79999999999999716, 1.600000000000000089 ) ) ;
#2128 = CARTESIAN_POINT ( 'NONE',  ( 55.88000000000000256, 2.539999999999946745, 1.600000000000000089 ) ) ;
#2129 = CIRCLE ( 'NONE', #2402, 0.4499999999999990119 ) ;
#2130 = VERTEX_POINT ( 'NONE', #1701 ) ;
#2131 = DIRECTION ( 'NONE',  ( 0.000000000000000000, 0.000000000000000000, 1.000000000000000000 ) ) ;
#2132 = LINE ( 'NONE', #3139, #2089 ) ;
#2133 = VECTOR ( 'NONE', #1302, 1000.000000000000000 ) ;
#2134 = AXIS2_PLACEMENT_3D ( 'NONE', #855, #82, #2024 ) ;
#2135 = VERTEX_POINT ( 'NONE', #1225 ) ;
#2136 = FACE_BOUND ( 'NONE', #573, .T. ) ;
#2137 = DIRECTION ( 'NONE',  ( 0.000000000000000000, 0.000000000000000000, 1.000000000000000000 ) ) ;
#2138 = CARTESIAN_POINT ( 'NONE',  ( 63.04999999999999716, 2.540000000000000036, 1.600000000000000089 ) ) ;
#2139 = DIRECTION ( 'NONE',  ( -0.000000000000000000, -0.000000000000000000, 1.000000000000000000 ) ) ;
#2140 = ORIENTED_EDGE ( 'NONE', *, *, #50, .T. ) ;
#2141 = VECTOR ( 'NONE', #892, 1000.000000000000000 ) ;
#2142 = EDGE_LOOP ( 'NONE', ( #1043, #3022, #840, #752 ) ) ;
#2143 = CIRCLE ( 'NONE', #1074, 0.4999999999999865663 ) ;
#2144 = DIRECTION ( 'NONE',  ( 0.000000000000000000, 0.000000000000000000, 1.000000000000000000 ) ) ;
#2145 = DIRECTION ( 'NONE',  ( 1.000000000000000000, 0.000000000000000000, 0.000000000000000000 ) ) ;
#2146 = ORIENTED_EDGE ( 'NONE', *, *, #386, .T. ) ;
#2147 = DIRECTION ( 'NONE',  ( -0.000000000000000000, -0.000000000000000000, 1.000000000000000000 ) ) ;
#2148 = CIRCLE ( 'NONE', #784, 0.4499999999999990119 ) ;
#2149 = DIRECTION ( 'NONE',  ( -0.000000000000000000, -0.000000000000000000, 1.000000000000000000 ) ) ;
#2150 = EDGE_LOOP ( 'NONE', ( #2333, #1529 ) ) ;
#2151 = LINE ( 'NONE', #402, #1835 ) ;
#2152 = EDGE_CURVE ( 'NONE', #2529, #2082, #2558, .T. ) ;
#2153 = VECTOR ( 'NONE', #2992, 1000.000000000000000 ) ;
#2154 = LINE ( 'NONE', #191, #185 ) ;
#2155 = EDGE_CURVE ( 'NONE', #2318, #278, #2301, .T. ) ;
#2156 = ADVANCED_FACE ( 'NONE', ( #1660 ), #936, .F. ) ;
#2157 = FACE_BOUND ( 'NONE', #3027, .T. ) ;
#2158 = VECTOR ( 'NONE', #2192, 1000.000000000000000 ) ;
#2159 = ORIENTED_EDGE ( 'NONE', *, *, #1086, .F. ) ;
#2160 = ORIENTED_EDGE ( 'NONE', *, *, #439, .T. ) ;
#2161 = EDGE_CURVE ( 'NONE', #2475, #1634, #1673, .T. ) ;
#2162 = CARTESIAN_POINT ( 'NONE',  ( 28.49999999999999289, 50.79999999999990479, 0.000000000000000000 ) ) ;
#2163 = CARTESIAN_POINT ( 'NONE',  ( 63.50000000000000000, 30.43000000000000327, 1.600000000000000089 ) ) ;
#2164 = AXIS2_PLACEMENT_3D ( 'NONE', #2048, #2286, #399 ) ;
#2165 = VERTEX_POINT ( 'NONE', #3 ) ;
#2166 = AXIS2_PLACEMENT_3D ( 'NONE', #2731, #1494, #1270 ) ;
#2167 = DIRECTION ( 'NONE',  ( 1.000000000000000000, 0.000000000000000000, 0.000000000000000000 ) ) ;
#2168 = DIRECTION ( 'NONE',  ( -2.592525277006249895E-16, 1.000000000000000000, -0.000000000000000000 ) ) ;
#2169 = CARTESIAN_POINT ( 'NONE',  ( 45.26999999999999602, 2.540000000000000036, 0.000000000000000000 ) ) ;
#2170 = ORIENTED_EDGE ( 'NONE', *, *, #1927, .F. ) ;
#2171 = CARTESIAN_POINT ( 'NONE',  ( 31.93999999999999773, 50.79999999999992610, 1.600000000000000089 ) ) ;
#2172 = LINE ( 'NONE', #662, #1291 ) ;
#2173 = CARTESIAN_POINT ( 'NONE',  ( 28.94999999999999574, 50.79999999999990479, 0.000000000000000000 ) ) ;
#2174 = VERTEX_POINT ( 'NONE', #1902 ) ;
#2175 = ORIENTED_EDGE ( 'NONE', *, *, #760, .T. ) ;
#2176 = EDGE_CURVE ( 'NONE', #3023, #288, #942, .T. ) ;
#2177 = CARTESIAN_POINT ( 'NONE',  ( 53.33999999999999631, 50.79999999999992610, 0.000000000000000000 ) ) ;
#2178 = LINE ( 'NONE', #1969, #791 ) ;
#2179 = ORIENTED_EDGE ( 'NONE', *, *, #1977, .F. ) ;
#2180 = VECTOR ( 'NONE', #2295, 1000.000000000000000 ) ;
#2181 = EDGE_CURVE ( 'NONE', #1670, #824, #2154, .T. ) ;
#2182 = LINE ( 'NONE', #15, #2396 ) ;
#2183 = CARTESIAN_POINT ( 'NONE',  ( 39.10999999999999943, 50.79999999999997584, 1.600000000000000089 ) ) ;
#2184 = DIRECTION ( 'NONE',  ( 1.000000000000000000, 0.000000000000000000, 0.000000000000000000 ) ) ;
#2185 = AXIS2_PLACEMENT_3D ( 'NONE', #2177, #2446, #1205 ) ;
#2186 = ORIENTED_EDGE ( 'NONE', *, *, #123, .F. ) ;
#2187 = DIRECTION ( 'NONE',  ( 0.000000000000000000, 0.000000000000000000, 1.000000000000000000 ) ) ;
#2188 = DIRECTION ( 'NONE',  ( -0.000000000000000000, -0.000000000000000000, 1.000000000000000000 ) ) ;
#2189 = ORIENTED_EDGE ( 'NONE', *, *, #2678, .F. ) ;
#2190 = ORIENTED_EDGE ( 'NONE', *, *, #1964, .T. ) ;
#2191 = CARTESIAN_POINT ( 'NONE',  ( 56.32999999999999829, 50.79999999999994031, 1.600000000000000089 ) ) ;
#2192 = DIRECTION ( 'NONE',  ( -0.000000000000000000, -0.000000000000000000, 1.000000000000000000 ) ) ;
#2193 = VERTEX_POINT ( 'NONE', #420 ) ;
#2194 = FACE_OUTER_BOUND ( 'NONE', #2803, .T. ) ;
#2195 = CARTESIAN_POINT ( 'NONE',  ( 30.47999999999999332, 2.539999999999893898, 0.000000000000000000 ) ) ;
#2196 = CARTESIAN_POINT ( 'NONE',  ( 18.78999999999999915, 50.79999999999984084, 0.000000000000000000 ) ) ;
#2197 = CARTESIAN_POINT ( 'NONE',  ( 65.53999999999999204, 25.35000000000000142, 1.600000000000000089 ) ) ;
#2198 = VECTOR ( 'NONE', #606, 1000.000000000000000 ) ;
#2199 = CARTESIAN_POINT ( 'NONE',  ( 63.50000000000000000, 50.79999999999999716, 0.000000000000000000 ) ) ;
#2200 = AXIS2_PLACEMENT_3D ( 'NONE', #2060, #2283, #138 ) ;
#2201 = ORIENTED_EDGE ( 'NONE', *, *, #2808, .F. ) ;
#2202 = FACE_OUTER_BOUND ( 'NONE', #47, .T. ) ;
#2203 = ORIENTED_EDGE ( 'NONE', *, *, #1179, .F. ) ;
#2204 = EDGE_LOOP ( 'NONE', ( #1203, #2083, #1277, #749 ) ) ;
#2205 = MECHANICAL_DESIGN_GEOMETRIC_PRESENTATION_REPRESENTATION (  '', ( #1593 ), #1541 ) ;
#2206 = CARTESIAN_POINT ( 'NONE',  ( 35.10999999999999233, 2.539999999999928981, 0.000000000000000000 ) ) ;
#2207 = CIRCLE ( 'NONE', #1498, 0.4999999999999865663 ) ;
#2208 = LINE ( 'NONE', #1465, #2464 ) ;
#2209 = VERTEX_POINT ( 'NONE', #2874 ) ;
#2210 = CYLINDRICAL_SURFACE ( 'NONE', #1312, 0.4500000000000025091 ) ;
#2211 = DIRECTION ( 'NONE',  ( 1.000000000000000000, 0.000000000000000000, 0.000000000000000000 ) ) ;
#2212 = EDGE_CURVE ( 'NONE', #2929, #1552, #133, .T. ) ;
#2213 = CARTESIAN_POINT ( 'NONE',  ( 60.96000000000000085, 50.79999999999997584, 0.000000000000000000 ) ) ;
#2214 = EDGE_CURVE ( 'NONE', #1768, #565, #2172, .T. ) ;
#2215 = EDGE_CURVE ( 'NONE', #939, #2666, #2854, .T. ) ;
#2216 = VERTEX_POINT ( 'NONE', #2393 ) ;
#2217 = DIRECTION ( 'NONE',  ( -0.000000000000000000, -0.000000000000000000, 1.000000000000000000 ) ) ;
#2218 = ADVANCED_FACE ( 'NONE', ( #2410 ), #225, .T. ) ;
#2219 = VERTEX_POINT ( 'NONE', #1626 ) ;
#2220 = ORIENTED_EDGE ( 'NONE', *, *, #3113, .T. ) ;
#2221 = DIRECTION ( 'NONE',  ( -0.000000000000000000, -0.000000000000000000, 1.000000000000000000 ) ) ;
#2222 = ORIENTED_EDGE ( 'NONE', *, *, #2715, .F. ) ;
#2223 = CARTESIAN_POINT ( 'NONE',  ( 63.99999999999998579, 30.43000000000000327, 0.000000000000000000 ) ) ;
#2224 = CARTESIAN_POINT ( 'NONE',  ( 2.592525277006264193E-16, 1.000000000000000888, 0.000000000000000000 ) ) ;
#2225 = DIRECTION ( 'NONE',  ( 1.000000000000000000, 0.000000000000000000, 0.000000000000000000 ) ) ;
#2226 = VECTOR ( 'NONE', #1988, 1000.000000000000000 ) ;
#2227 = AXIS2_PLACEMENT_3D ( 'NONE', #256, #2217, #286 ) ;
#2228 = CIRCLE ( 'NONE', #711, 0.4499999999999990119 ) ;
#2229 = ORIENTED_EDGE ( 'NONE', *, *, #532, .F. ) ;
#2230 = CIRCLE ( 'NONE', #764, 0.4499999999999990119 ) ;
#2231 = CIRCLE ( 'NONE', #868, 0.4499999999999990119 ) ;
#2232 = ORIENTED_EDGE ( 'NONE', *, *, #527, .T. ) ;
#2233 = ORIENTED_EDGE ( 'NONE', *, *, #1078, .F. ) ;
#2234 = AXIS2_PLACEMENT_3D ( 'NONE', #1272, #2949, #2935 ) ;
#2235 = CARTESIAN_POINT ( 'NONE',  ( 68.00000000000002842, 1.000000000000000888, 1.600000000000000089 ) ) ;
#2236 = VERTEX_POINT ( 'NONE', #1915 ) ;
#2237 = AXIS2_PLACEMENT_3D ( 'NONE', #1362, #2579, #1627 ) ;
#2238 = LINE ( 'NONE', #1255, #1752 ) ;
#2239 = CYLINDRICAL_SURFACE ( 'NONE', #2654, 0.4999999999999865663 ) ;
#2240 = CARTESIAN_POINT ( 'NONE',  ( 1.000000000000000222, 0.000000000000000000, 1.600000000000000089 ) ) ;
#2241 = VECTOR ( 'NONE', #2421, 1000.000000000000000 ) ;
#2242 = DIRECTION ( 'NONE',  ( 0.000000000000000000, 0.000000000000000000, 1.000000000000000000 ) ) ;
#2243 = ORIENTED_EDGE ( 'NONE', *, *, #439, .F. ) ;
#2244 = CIRCLE ( 'NONE', #2655, 0.4999999999999865663 ) ;
#2245 = AXIS2_PLACEMENT_3D ( 'NONE', #640, #2571, #2543 ) ;
#2246 = EDGE_CURVE ( 'NONE', #2941, #1328, #2890, .T. ) ;
#2247 = ORIENTED_EDGE ( 'NONE', *, *, #2713, .T. ) ;
#2248 = ORIENTED_EDGE ( 'NONE', *, *, #2272, .F. ) ;
#2249 = EDGE_CURVE ( 'NONE', #1577, #1758, #2922, .T. ) ;
#2250 = CARTESIAN_POINT ( 'NONE',  ( 34.47999999999999687, 50.79999999999994031, 0.000000000000000000 ) ) ;
#2251 = ORIENTED_EDGE ( 'NONE', *, *, #337, .F. ) ;
#2252 = EDGE_CURVE ( 'NONE', #1513, #2988, #1089, .T. ) ;
#2253 = VERTEX_POINT ( 'NONE', #1695 ) ;
#2254 = CIRCLE ( 'NONE', #789, 0.4499999999999990119 ) ;
#2255 = CARTESIAN_POINT ( 'NONE',  ( 67.00000000000001421, 53.53000000000000114, 1.600000000000000089 ) ) ;
#2256 = DIRECTION ( 'NONE',  ( 1.000000000000000000, 0.000000000000000000, 0.000000000000000000 ) ) ;
#2257 = CARTESIAN_POINT ( 'NONE',  ( 26.86000000000000298, 50.79999999999989058, 1.600000000000000089 ) ) ;
#2258 = DIRECTION ( 'NONE',  ( 1.000000000000000000, 0.000000000000000000, 0.000000000000000000 ) ) ;
#2259 = DIRECTION ( 'NONE',  ( 1.000000000000000000, 0.000000000000000000, 0.000000000000000000 ) ) ;
#2260 = ORIENTED_EDGE ( 'NONE', *, *, #2365, .F. ) ;
#2261 = AXIS2_PLACEMENT_3D ( 'NONE', #2411, #245, #327 ) ;
#2262 = VECTOR ( 'NONE', #1728, 1000.000000000000000 ) ;
#2263 = CIRCLE ( 'NONE', #1855, 0.4999999999999865663 ) ;
#2264 = ORIENTED_EDGE ( 'NONE', *, *, #2214, .T. ) ;
#2265 = DIRECTION ( 'NONE',  ( 1.000000000000000000, 0.000000000000000000, 0.000000000000000000 ) ) ;
#2266 = DIRECTION ( 'NONE',  ( 0.000000000000000000, 0.000000000000000000, 1.000000000000000000 ) ) ;
#2267 = CYLINDRICAL_SURFACE ( 'NONE', #1930, 0.4499999999999990119 ) ;
#2268 = ORIENTED_EDGE ( 'NONE', *, *, #1030, .T. ) ;
#2269 = ORIENTED_EDGE ( 'NONE', *, *, #2917, .T. ) ;
#2270 = CYLINDRICAL_SURFACE ( 'NONE', #1898, 0.4499999999999990119 ) ;
#2271 = FACE_OUTER_BOUND ( 'NONE', #597, .T. ) ;
#2272 = EDGE_CURVE ( 'NONE', #2209, #1828, #1742, .T. ) ;
#2273 = DIRECTION ( 'NONE',  ( 1.000000000000000000, 0.000000000000000000, 0.000000000000000000 ) ) ;
#2274 = VERTEX_POINT ( 'NONE', #442 ) ;
#2275 = AXIS2_PLACEMENT_3D ( 'NONE', #1771, #1281, #599 ) ;
#2276 = VERTEX_POINT ( 'NONE', #257 ) ;
#2277 = ORIENTED_EDGE ( 'NONE', *, *, #2452, .F. ) ;
#2278 = AXIS2_PLACEMENT_3D ( 'NONE', #447, #1157, #3050 ) ;
#2279 = CARTESIAN_POINT ( 'NONE',  ( 19.23999999999999844, 50.79999999999984084, 1.600000000000000089 ) ) ;
#2280 = EDGE_LOOP ( 'NONE', ( #2222, #1936, #552, #2251 ) ) ;
#2281 = ORIENTED_EDGE ( 'NONE', *, *, #2306, .F. ) ;
#2282 = CARTESIAN_POINT ( 'NONE',  ( 41.20000000000000284, 50.79999999999999716, 0.000000000000000000 ) ) ;
#2283 = DIRECTION ( 'NONE',  ( 0.000000000000000000, 0.000000000000000000, 1.000000000000000000 ) ) ;
#2284 = CARTESIAN_POINT ( 'NONE',  ( 63.50000000000000000, 2.540000000000000036, 0.000000000000000000 ) ) ;
#2285 = CARTESIAN_POINT ( 'NONE',  ( 63.99999999999998579, 30.43000000000000327, 1.600000000000000089 ) ) ;
#2286 = DIRECTION ( 'NONE',  ( 0.000000000000000000, -0.000000000000000000, -1.000000000000000000 ) ) ;
#2287 = EDGE_LOOP ( 'NONE', ( #3122, #2920 ) ) ;
#2288 = VECTOR ( 'NONE', #1694, 1000.000000000000000 ) ;
#2289 = EDGE_CURVE ( 'NONE', #62, #2309, #2355, .T. ) ;
#2290 = AXIS2_PLACEMENT_3D ( 'NONE', #1195, #1148, #913 ) ;
#2291 = ORIENTED_EDGE ( 'NONE', *, *, #2597, .T. ) ;
#2292 = ORIENTED_EDGE ( 'NONE', *, *, #802, .T. ) ;
#2293 = CIRCLE ( 'NONE', #933, 0.4500000000000025091 ) ;
#2294 = CARTESIAN_POINT ( 'NONE',  ( 65.54000000000000625, 27.89000000000000057, 0.000000000000000000 ) ) ;
#2295 = DIRECTION ( 'NONE',  ( -0.000000000000000000, -0.000000000000000000, 1.000000000000000000 ) ) ;
#2296 = ORIENTED_EDGE ( 'NONE', *, *, #201, .T. ) ;
#2297 = ORIENTED_EDGE ( 'NONE', *, *, #1124, .T. ) ;
#2298 = CARTESIAN_POINT ( 'NONE',  ( 26.86000000000000298, 50.79999999999989058, 0.000000000000000000 ) ) ;
#2299 = CYLINDRICAL_SURFACE ( 'NONE', #1284, 0.4500000000000025091 ) ;
#2300 = FACE_OUTER_BOUND ( 'NONE', #1504, .T. ) ;
#2301 = CIRCLE ( 'NONE', #1042, 0.4500000000000059508 ) ;
#2302 = CARTESIAN_POINT ( 'NONE',  ( 33.57999999999999829, 50.79999999999994031, 1.600000000000000089 ) ) ;
#2303 = EDGE_CURVE ( 'NONE', #1619, #2941, #1491, .T. ) ;
#2304 = CARTESIAN_POINT ( 'NONE',  ( 66.03999999999999204, 25.35000000000000142, 0.000000000000000000 ) ) ;
#2305 = AXIS2_PLACEMENT_3D ( 'NONE', #701, #483, #926 ) ;
#2306 = EDGE_CURVE ( 'NONE', #97, #767, #584, .T. ) ;
#2307 = EDGE_CURVE ( 'NONE', #1693, #1670, #1997, .T. ) ;
#2308 = ORIENTED_EDGE ( 'NONE', *, *, #32, .F. ) ;
#2309 = VERTEX_POINT ( 'NONE', #2936 ) ;
#2310 = DIRECTION ( 'NONE',  ( 1.000000000000000000, 0.000000000000000000, 0.000000000000000000 ) ) ;
#2311 = DIRECTION ( 'NONE',  ( -1.000000000000000000, 0.000000000000000000, 0.000000000000000000 ) ) ;
#2312 = ORIENTED_EDGE ( 'NONE', *, *, #2447, .F. ) ;
#2313 = EDGE_LOOP ( 'NONE', ( #2712, #2375 ) ) ;
#2314 = CYLINDRICAL_SURFACE ( 'NONE', #2043, 0.4499999999999990119 ) ;
#2315 = CARTESIAN_POINT ( 'NONE',  ( 45.71999999999999886, 50.79999999999987637, 0.000000000000000000 ) ) ;
#2316 = CARTESIAN_POINT ( 'NONE',  ( 63.50000000000000000, 50.79999999999999716, 1.600000000000000089 ) ) ;
#2317 = DIRECTION ( 'NONE',  ( 1.000000000000000000, 0.000000000000000000, 0.000000000000000000 ) ) ;
#2318 = VERTEX_POINT ( 'NONE', #759 ) ;
#2319 = ORIENTED_EDGE ( 'NONE', *, *, #1426, .T. ) ;
#2320 = CARTESIAN_POINT ( 'NONE',  ( 63.95000000000000995, 2.540000000000000036, 1.600000000000000089 ) ) ;
#2321 = FACE_BOUND ( 'NONE', #1753, .T. ) ;
#2322 = VERTEX_POINT ( 'NONE', #1719 ) ;
#2323 = ORIENTED_EDGE ( 'NONE', *, *, #1217, .T. ) ;
#2324 = CIRCLE ( 'NONE', #2896, 0.4500000000000025091 ) ;
#2325 = CARTESIAN_POINT ( 'NONE',  ( 46.16999999999999460, 2.540000000000000036, 1.600000000000000089 ) ) ;
#2326 = DIRECTION ( 'NONE',  ( -0.000000000000000000, -0.000000000000000000, 1.000000000000000000 ) ) ;
#2327 = CARTESIAN_POINT ( 'NONE',  ( 63.00000000000001421, 25.35000000000000142, 0.000000000000000000 ) ) ;
#2328 = CIRCLE ( 'NONE', #970, 0.4499999999999990119 ) ;
#2329 = AXIS2_PLACEMENT_3D ( 'NONE', #324, #1716, #1288 ) ;
#2330 = FACE_OUTER_BOUND ( 'NONE', #2419, .T. ) ;
#2331 = EDGE_CURVE ( 'NONE', #1534, #1562, #2869, .T. ) ;
#2332 = AXIS2_PLACEMENT_3D ( 'NONE', #1830, #1596, #2820 ) ;
#2333 = ORIENTED_EDGE ( 'NONE', *, *, #2721, .T. ) ;
#2334 = FACE_BOUND ( 'NONE', #2955, .T. ) ;
#2335 = CARTESIAN_POINT ( 'NONE',  ( 27.93999999999999417, 2.539999999999876135, 0.000000000000000000 ) ) ;
#2336 = CYLINDRICAL_SURFACE ( 'NONE', #1889, 0.4499999999999990119 ) ;
#2337 = EDGE_CURVE ( 'NONE', #521, #565, #1700, .T. ) ;
#2338 = DIRECTION ( 'NONE',  ( 1.000000000000000000, 0.000000000000000000, 0.000000000000000000 ) ) ;
#2339 = ORIENTED_EDGE ( 'NONE', *, *, #2307, .F. ) ;
#2340 = EDGE_CURVE ( 'NONE', #824, #2253, #2351, .T. ) ;
#2341 = EDGE_LOOP ( 'NONE', ( #1799, #1207, #2160, #882 ) ) ;
#2342 = CIRCLE ( 'NONE', #525, 0.5000000000000004441 ) ;
#2343 = LINE ( 'NONE', #217, #2738 ) ;
#2344 = EDGE_CURVE ( 'NONE', #2878, #1562, #1055, .T. ) ;
#2345 = DIRECTION ( 'NONE',  ( -0.000000000000000000, -0.000000000000000000, 1.000000000000000000 ) ) ;
#2346 = CIRCLE ( 'NONE', #326, 0.4499999999999990119 ) ;
#2347 = ORIENTED_EDGE ( 'NONE', *, *, #3073, .F. ) ;
#2348 = CARTESIAN_POINT ( 'NONE',  ( 61.40999999999999659, 2.539999999999982272, 0.000000000000000000 ) ) ;
#2349 = CARTESIAN_POINT ( 'NONE',  ( 31.48999999999999844, 50.79999999999992610, 0.000000000000000000 ) ) ;
#2350 = ADVANCED_FACE ( 'NONE', ( #1809 ), #2793, .F. ) ;
#2351 = CIRCLE ( 'NONE', #3125, 0.4500000000000059508 ) ;
#2352 = CIRCLE ( 'NONE', #1247, 0.4499999999999990119 ) ;
#2353 = VERTEX_POINT ( 'NONE', #2018 ) ;
#2354 = DIRECTION ( 'NONE',  ( 1.000000000000000000, 0.000000000000000000, 0.000000000000000000 ) ) ;
#2355 = LINE ( 'NONE', #1214, #2556 ) ;
#2356 = UNCERTAINTY_MEASURE_WITH_UNIT (LENGTH_MEASURE( 1.000000000000000082E-05 ), #765, 'distance_accuracy_value', 'NONE');
#2357 = CYLINDRICAL_SURFACE ( 'NONE', #2850, 0.4999999999999865663 ) ;
#2358 = FACE_BOUND ( 'NONE', #315, .T. ) ;
#2359 = ORIENTED_EDGE ( 'NONE', *, *, #2246, .F. ) ;
#2360 = EDGE_LOOP ( 'NONE', ( #1773, #2319 ) ) ;
#2361 = AXIS2_PLACEMENT_3D ( 'NONE', #644, #404, #1374 ) ;
#2362 = DIRECTION ( 'NONE',  ( 1.000000000000000000, 0.000000000000000000, 0.000000000000000000 ) ) ;
#2363 = DIRECTION ( 'NONE',  ( 1.000000000000000000, 0.000000000000000000, 0.000000000000000000 ) ) ;
#2364 = ORIENTED_EDGE ( 'NONE', *, *, #1324, .F. ) ;
#2365 = EDGE_CURVE ( 'NONE', #2509, #2737, #1069, .T. ) ;
#2366 = DIRECTION ( 'NONE',  ( -0.000000000000000000, -0.000000000000000000, 1.000000000000000000 ) ) ;
#2367 = DIRECTION ( 'NONE',  ( 1.000000000000000000, 0.000000000000000000, 0.000000000000000000 ) ) ;
#2368 = DIRECTION ( 'NONE',  ( 0.000000000000000000, 0.000000000000000000, 1.000000000000000000 ) ) ;
#2369 = DIRECTION ( 'NONE',  ( 1.000000000000000000, 0.000000000000000000, 0.000000000000000000 ) ) ;
#2370 = ORIENTED_EDGE ( 'NONE', *, *, #2212, .T. ) ;
#2371 = FACE_BOUND ( 'NONE', #1919, .T. ) ;
#2372 = DIRECTION ( 'NONE',  ( 0.000000000000000000, 0.000000000000000000, 1.000000000000000000 ) ) ;
#2373 = DIRECTION ( 'NONE',  ( 1.000000000000000000, 0.000000000000000000, 0.000000000000000000 ) ) ;
#2374 = DIRECTION ( 'NONE',  ( 1.000000000000000000, 0.000000000000000000, 0.000000000000000000 ) ) ;
#2375 = ORIENTED_EDGE ( 'NONE', *, *, #3051, .T. ) ;
#2376 = CIRCLE ( 'NONE', #54, 0.4499999999999990119 ) ;
#2377 = VERTEX_POINT ( 'NONE', #2079 ) ;
#2378 = DIRECTION ( 'NONE',  ( 0.000000000000000000, -0.000000000000000000, -1.000000000000000000 ) ) ;
#2379 = LINE ( 'NONE', #1400, #238 ) ;
#2380 = AXIS2_PLACEMENT_3D ( 'NONE', #3044, #1831, #2338 ) ;
#2381 = EDGE_LOOP ( 'NONE', ( #2229, #616 ) ) ;
#2382 = DIRECTION ( 'NONE',  ( 0.000000000000000000, 0.000000000000000000, 1.000000000000000000 ) ) ;
#2383 = DIRECTION ( 'NONE',  ( 1.000000000000000000, 0.000000000000000000, 0.000000000000000000 ) ) ;
#2384 = AXIS2_PLACEMENT_3D ( 'NONE', #1143, #1854, #1908 ) ;
#2385 = ADVANCED_FACE ( 'NONE', ( #1778 ), #89, .F. ) ;
#2386 = DIRECTION ( 'NONE',  ( 0.000000000000000000, 0.000000000000000000, 1.000000000000000000 ) ) ;
#2387 = CIRCLE ( 'NONE', #1428, 0.4499999999999990119 ) ;
#2388 = EDGE_CURVE ( 'NONE', #1693, #2253, #106, .T. ) ;
#2389 = CIRCLE ( 'NONE', #269, 0.4500000000000025091 ) ;
#2390 = EDGE_CURVE ( 'NONE', #944, #1619, #2751, .T. ) ;
#2391 = EDGE_LOOP ( 'NONE', ( #2560, #612 ) ) ;
#2392 = CARTESIAN_POINT ( 'NONE',  ( 48.25999999999999801, 50.79999999999989058, 0.000000000000000000 ) ) ;
#2393 = CARTESIAN_POINT ( 'NONE',  ( 38.65999999999999659, 50.79999999999997584, 1.600000000000000089 ) ) ;
#2394 = FACE_BOUND ( 'NONE', #1024, .T. ) ;
#2395 = ORIENTED_EDGE ( 'NONE', *, *, #1547, .F. ) ;
#2396 = VECTOR ( 'NONE', #754, 1000.000000000000000 ) ;
#2397 = ORIENTED_EDGE ( 'NONE', *, *, #1282, .F. ) ;
#2398 = MANIFOLD_SOLID_BREP ( 'Verrundung1', #915 ) ;
#2399 = LINE ( 'NONE', #2162, #514 ) ;
#2400 = CARTESIAN_POINT ( 'NONE',  ( 38.65999999999999659, 50.79999999999997584, 0.000000000000000000 ) ) ;
#2401 = VERTEX_POINT ( 'NONE', #2285 ) ;
#2402 = AXIS2_PLACEMENT_3D ( 'NONE', #93, #1060, #660 ) ;
#2403 = CYLINDRICAL_SURFACE ( 'NONE', #1068, 0.4500000000000025091 ) ;
#2404 = CIRCLE ( 'NONE', #3013, 0.4499999999999990119 ) ;
#2405 = DIRECTION ( 'NONE',  ( 1.000000000000000000, 0.000000000000000000, 0.000000000000000000 ) ) ;
#2406 = CARTESIAN_POINT ( 'NONE',  ( 27.48999999999999133, 2.539999999999876135, 1.600000000000000089 ) ) ;
#2407 = EDGE_LOOP ( 'NONE', ( #1310, #2339, #3040, #2291 ) ) ;
#2408 = FACE_BOUND ( 'NONE', #1365, .T. ) ;
#2409 = ADVANCED_FACE ( 'NONE', ( #124 ), #2542, .F. ) ;
#2410 = FACE_OUTER_BOUND ( 'NONE', #588, .T. ) ;
#2411 = CARTESIAN_POINT ( 'NONE',  ( 55.88000000000000256, 50.79999999999994031, 0.000000000000000000 ) ) ;
#2412 = AXIS2_PLACEMENT_3D ( 'NONE', #2584, #943, #1193 ) ;
#2413 = ORIENTED_EDGE ( 'NONE', *, *, #429, .F. ) ;
#2414 = ORIENTED_EDGE ( 'NONE', *, *, #1922, .F. ) ;
#2415 = EDGE_CURVE ( 'NONE', #2871, #1980, #2761, .T. ) ;
#2416 = DIRECTION ( 'NONE',  ( 1.000000000000000000, 0.000000000000000000, 0.000000000000000000 ) ) ;
#2417 = DIRECTION ( 'NONE',  ( 0.000000000000000000, 0.000000000000000000, 1.000000000000000000 ) ) ;
#2418 = AXIS2_PLACEMENT_3D ( 'NONE', #2660, #2242, #77 ) ;
#2419 = EDGE_LOOP ( 'NONE', ( #3059, #2518, #1002, #1142 ) ) ;
#2420 = VECTOR ( 'NONE', #2035, 1000.000000000000000 ) ;
#2421 = DIRECTION ( 'NONE',  ( -0.000000000000000000, -0.000000000000000000, 1.000000000000000000 ) ) ;
#2422 = DIRECTION ( 'NONE',  ( -0.000000000000000000, -0.000000000000000000, 1.000000000000000000 ) ) ;
#2423 = DIRECTION ( 'NONE',  ( -0.000000000000000000, -0.000000000000000000, 1.000000000000000000 ) ) ;
#2424 = DIRECTION ( 'NONE',  ( 0.000000000000000000, 0.000000000000000000, 1.000000000000000000 ) ) ;
#2425 = EDGE_LOOP ( 'NONE', ( #2926, #1226, #869, #1012 ) ) ;
#2426 = LINE ( 'NONE', #535, #2288 ) ;
#2427 = CARTESIAN_POINT ( 'NONE',  ( 40.63999999999999346, 2.539999999999964508, 1.600000000000000089 ) ) ;
#2428 = LINE ( 'NONE', #2500, #746 ) ;
#2429 = VERTEX_POINT ( 'NONE', #2302 ) ;
#2430 = ORIENTED_EDGE ( 'NONE', *, *, #2344, .T. ) ;
#2431 = CARTESIAN_POINT ( 'NONE',  ( 0.000000000000000000, 0.000000000000000000, 1.600000000000000089 ) ) ;
#2432 = CARTESIAN_POINT ( 'NONE',  ( 55.42999999999999972, 50.79999999999994031, 0.000000000000000000 ) ) ;
#2433 = ORIENTED_EDGE ( 'NONE', *, *, #295, .F. ) ;
#2434 = ORIENTED_EDGE ( 'NONE', *, *, #2107, .T. ) ;
#2435 = AXIS2_PLACEMENT_3D ( 'NONE', #1033, #1581, #2311 ) ;
#2436 = CARTESIAN_POINT ( 'NONE',  ( 66.03999999999999204, 30.43000000000000327, 0.000000000000000000 ) ) ;
#2437 = CARTESIAN_POINT ( 'NONE',  ( 58.42000000000000171, 2.539999999999964508, 0.000000000000000000 ) ) ;
#2438 = DIRECTION ( 'NONE',  ( 1.000000000000000000, 0.000000000000000000, 0.000000000000000000 ) ) ;
#2439 = AXIS2_PLACEMENT_3D ( 'NONE', #2762, #1569, #831 ) ;
#2440 = ADVANCED_FACE ( 'NONE', ( #140 ), #154, .F. ) ;
#2441 = ORIENTED_EDGE ( 'NONE', *, *, #12, .F. ) ;
#2442 = VECTOR ( 'NONE', #2055, 1000.000000000000000 ) ;
#2443 = EDGE_LOOP ( 'NONE', ( #2036, #2268, #981, #2050 ) ) ;
#2444 = ORIENTED_EDGE ( 'NONE', *, *, #2673, .F. ) ;
#2445 = EDGE_CURVE ( 'NONE', #1906, #2110, #652, .T. ) ;
#2446 = DIRECTION ( 'NONE',  ( -0.000000000000000000, -0.000000000000000000, 1.000000000000000000 ) ) ;
#2447 = EDGE_CURVE ( 'NONE', #2530, #2377, #2254, .T. ) ;
#2448 = DIRECTION ( 'NONE',  ( -0.000000000000000000, -0.000000000000000000, 1.000000000000000000 ) ) ;
#2449 = ORIENTED_EDGE ( 'NONE', *, *, #206, .T. ) ;
#2450 = EDGE_LOOP ( 'NONE', ( #1088, #2960, #2007, #467, #2022, #508, #2767, #628 ) ) ;
#2451 = DIRECTION ( 'NONE',  ( 1.000000000000000000, 0.000000000000000000, 0.000000000000000000 ) ) ;
#2452 = EDGE_CURVE ( 'NONE', #1007, #1235, #685, .T. ) ;
#2453 = DIRECTION ( 'NONE',  ( 1.000000000000000000, 0.000000000000000000, 0.000000000000000000 ) ) ;
#2454 = DIRECTION ( 'NONE',  ( 0.000000000000000000, 0.000000000000000000, 1.000000000000000000 ) ) ;
#2455 = DIRECTION ( 'NONE',  ( 1.000000000000000000, 0.000000000000000000, 0.000000000000000000 ) ) ;
#2456 = EDGE_CURVE ( 'NONE', #2626, #2110, #1192, .T. ) ;
#2457 = CIRCLE ( 'NONE', #1948, 0.4499999999999990119 ) ;
#2458 = ORIENTED_EDGE ( 'NONE', *, *, #1320, .T. ) ;
#2459 = LINE ( 'NONE', #299, #453 ) ;
#2460 = VERTEX_POINT ( 'NONE', #1146 ) ;
#2461 = ORIENTED_EDGE ( 'NONE', *, *, #2445, .F. ) ;
#2462 = AXIS2_PLACEMENT_3D ( 'NONE', #3086, #2147, #203 ) ;
#2463 = DIRECTION ( 'NONE',  ( 1.000000000000000000, 0.000000000000000000, 0.000000000000000000 ) ) ;
#2464 = VECTOR ( 'NONE', #1001, 1000.000000000000000 ) ;
#2465 = ORIENTED_EDGE ( 'NONE', *, *, #329, .T. ) ;
#2466 = CARTESIAN_POINT ( 'NONE',  ( 40.63999999999999346, 2.539999999999964508, 1.600000000000000089 ) ) ;
#2467 = FACE_OUTER_BOUND ( 'NONE', #1785, .T. ) ;
#2468 = CARTESIAN_POINT ( 'NONE',  ( 40.18999999999999773, 2.539999999999964508, 0.000000000000000000 ) ) ;
#2469 = CARTESIAN_POINT ( 'NONE',  ( 20.87999999999999545, 50.79999999999986215, 1.600000000000000089 ) ) ;
#2470 = EDGE_LOOP ( 'NONE', ( #1405, #687, #298, #668 ) ) ;
#2471 = CARTESIAN_POINT ( 'NONE',  ( 60.96000000000000085, 2.539999999999982272, 0.000000000000000000 ) ) ;
#2472 = ORIENTED_EDGE ( 'NONE', *, *, #1951, .F. ) ;
#2473 = VERTEX_POINT ( 'NONE', #2113 ) ;
#2474 = DIRECTION ( 'NONE',  ( 0.000000000000000000, 0.000000000000000000, 1.000000000000000000 ) ) ;
#2475 = VERTEX_POINT ( 'NONE', #1133 ) ;
#2476 = ORIENTED_EDGE ( 'NONE', *, *, #2924, .F. ) ;
#2477 = DIRECTION ( 'NONE',  ( 1.000000000000000000, 0.000000000000000000, 0.000000000000000000 ) ) ;
#2478 = DIRECTION ( 'NONE',  ( -0.000000000000000000, -0.000000000000000000, 1.000000000000000000 ) ) ;
#2479 = FACE_OUTER_BOUND ( 'NONE', #857, .T. ) ;
#2480 = EDGE_CURVE ( 'NONE', #1702, #3064, #1605, .T. ) ;
#2481 = EDGE_CURVE ( 'NONE', #797, #1899, #2787, .T. ) ;
#2482 = DIRECTION ( 'NONE',  ( -0.000000000000000000, -0.000000000000000000, 1.000000000000000000 ) ) ;
#2483 = ADVANCED_FACE ( 'NONE', ( #1402 ), #912, .F. ) ;
#2484 = CIRCLE ( 'NONE', #306, 0.4499999999999990119 ) ;
#2485 = EDGE_LOOP ( 'NONE', ( #2945, #651 ) ) ;
#2486 = ADVANCED_FACE ( 'NONE', ( #1418 ), #2403, .F. ) ;
#2487 = AXIS2_PLACEMENT_3D ( 'NONE', #699, #2144, #198 ) ;
#2488 = ORIENTED_EDGE ( 'NONE', *, *, #490, .F. ) ;
#2489 = ORIENTED_EDGE ( 'NONE', *, *, #3068, .F. ) ;
#2490 = VECTOR ( 'NONE', #1006, 1000.000000000000000 ) ;
#2491 = LINE ( 'NONE', #2970, #610 ) ;
#2492 = CARTESIAN_POINT ( 'NONE',  ( 55.42999999999999972, 2.539999999999946745, 0.000000000000000000 ) ) ;
#2493 = ORIENTED_EDGE ( 'NONE', *, *, #1588, .T. ) ;
#2494 = CARTESIAN_POINT ( 'NONE',  ( 63.50000000000000000, 25.35000000000000142, 0.000000000000000000 ) ) ;
#2495 = VECTOR ( 'NONE', #131, 1000.000000000000000 ) ;
#2496 = CARTESIAN_POINT ( 'NONE',  ( 53.33999999999999631, 2.539999999999928981, 0.000000000000000000 ) ) ;
#2497 = LINE ( 'NONE', #2979, #1385 ) ;
#2498 = DIRECTION ( 'NONE',  ( 1.000000000000000000, 0.000000000000000000, 0.000000000000000000 ) ) ;
#2499 = CARTESIAN_POINT ( 'NONE',  ( 63.95000000000000995, 50.79999999999999716, 0.000000000000000000 ) ) ;
#2500 = CARTESIAN_POINT ( 'NONE',  ( 40.18999999999999773, 2.539999999999964508, 0.000000000000000000 ) ) ;
#2501 = VERTEX_POINT ( 'NONE', #2570 ) ;
#2502 = EDGE_LOOP ( 'NONE', ( #1918, #2756, #2741, #1278 ) ) ;
#2503 = ADVANCED_FACE ( 'NONE', ( #2095 ), #397, .F. ) ;
#2504 = CARTESIAN_POINT ( 'NONE',  ( 1.000000000000013767, 52.53000000000000114, 0.000000000000000000 ) ) ;
#2505 = ADVANCED_FACE ( 'NONE', ( #756 ), #120, .F. ) ;
#2506 = FACE_OUTER_BOUND ( 'NONE', #1966, .T. ) ;
#2507 = CARTESIAN_POINT ( 'NONE',  ( 45.26999999999999602, 50.79999999999987637, 0.000000000000000000 ) ) ;
#2508 = EDGE_LOOP ( 'NONE', ( #78, #2653, #1262, #497 ) ) ;
#2509 = VERTEX_POINT ( 'NONE', #366 ) ;
#2510 = AXIS2_PLACEMENT_3D ( 'NONE', #1573, #622, #356 ) ;
#2511 = EDGE_CURVE ( 'NONE', #1051, #2827, #102, .T. ) ;
#2512 = DIRECTION ( 'NONE',  ( 0.000000000000000000, 0.000000000000000000, 1.000000000000000000 ) ) ;
#2513 = FACE_OUTER_BOUND ( 'NONE', #2676, .T. ) ;
#2514 = DIRECTION ( 'NONE',  ( -0.000000000000000000, -0.000000000000000000, 1.000000000000000000 ) ) ;
#2515 = CARTESIAN_POINT ( 'NONE',  ( 21.32999999999999829, 50.79999999999986215, 0.000000000000000000 ) ) ;
#2516 = ORIENTED_EDGE ( 'NONE', *, *, #1358, .T. ) ;
#2517 = AXIS2_PLACEMENT_3D ( 'NONE', #1926, #2898, #2932 ) ;
#2518 = ORIENTED_EDGE ( 'NONE', *, *, #1548, .F. ) ;
#2519 = ORIENTED_EDGE ( 'NONE', *, *, #1607, .F. ) ;
#2520 = FACE_OUTER_BOUND ( 'NONE', #2508, .T. ) ;
#2521 = APPLICATION_CONTEXT ( 'automotive_design' ) ;
#2522 = DIRECTION ( 'NONE',  ( -0.000000000000000000, -0.000000000000000000, 1.000000000000000000 ) ) ;
#2523 = ORIENTED_EDGE ( 'NONE', *, *, #2716, .F. ) ;
#2524 = DIRECTION ( 'NONE',  ( 1.000000000000000000, 0.000000000000000000, 0.000000000000000000 ) ) ;
#2525 = FACE_OUTER_BOUND ( 'NONE', #940, .T. ) ;
#2526 = DIRECTION ( 'NONE',  ( -0.000000000000000000, -0.000000000000000000, 1.000000000000000000 ) ) ;
#2527 = DIRECTION ( 'NONE',  ( 1.000000000000000000, 0.000000000000000000, 0.000000000000000000 ) ) ;
#2528 = CIRCLE ( 'NONE', #207, 0.4499999999999990119 ) ;
#2529 = VERTEX_POINT ( 'NONE', #2298 ) ;
#2530 = VERTEX_POINT ( 'NONE', #137 ) ;
#2531 = EDGE_LOOP ( 'NONE', ( #2203, #350, #2682, #449 ) ) ;
#2532 = LINE ( 'NONE', #2294, #2495 ) ;
#2533 = AXIS2_PLACEMENT_3D ( 'NONE', #1894, #2865, #1654 ) ;
#2534 = CARTESIAN_POINT ( 'NONE',  ( 36.57000000000000028, 50.79999999999996163, 0.000000000000000000 ) ) ;
#2535 = ORIENTED_EDGE ( 'NONE', *, *, #1228, .T. ) ;
#2536 = ORIENTED_EDGE ( 'NONE', *, *, #1321, .F. ) ;
#2537 = VECTOR ( 'NONE', #2894, 1000.000000000000000 ) ;
#2538 = ADVANCED_FACE ( 'NONE', ( #1775 ), #574, .F. ) ;
#2539 = FACE_OUTER_BOUND ( 'NONE', #1156, .T. ) ;
#2540 = DIRECTION ( 'NONE',  ( -0.000000000000000000, -0.000000000000000000, 1.000000000000000000 ) ) ;
#2541 = EDGE_CURVE ( 'NONE', #1335, #1311, #2975, .T. ) ;
#2542 = CYLINDRICAL_SURFACE ( 'NONE', #1396, 0.4499999999999990119 ) ;
#2543 = DIRECTION ( 'NONE',  ( 1.000000000000000000, 0.000000000000000000, 0.000000000000000000 ) ) ;
#2544 = VECTOR ( 'NONE', #2555, 1000.000000000000000 ) ;
#2545 = DIRECTION ( 'NONE',  ( 1.000000000000000000, 0.000000000000000000, 0.000000000000000000 ) ) ;
#2546 = EDGE_CURVE ( 'NONE', #2401, #2832, #772, .T. ) ;
#2547 = ORIENTED_EDGE ( 'NONE', *, *, #1258, .T. ) ;
#2548 = ORIENTED_EDGE ( 'NONE', *, *, #858, .F. ) ;
#2549 = AXIS2_PLACEMENT_3D ( 'NONE', #2304, #2557, #371 ) ;
#2550 = DIRECTION ( 'NONE',  ( -0.000000000000000000, -0.000000000000000000, 1.000000000000000000 ) ) ;
#2551 = DIRECTION ( 'NONE',  ( -0.000000000000000000, -0.000000000000000000, 1.000000000000000000 ) ) ;
#2552 = ORIENTED_EDGE ( 'NONE', *, *, #1027, .T. ) ;
#2553 = VERTEX_POINT ( 'NONE', #861 ) ;
#2554 = DIRECTION ( 'NONE',  ( 0.000000000000000000, 0.000000000000000000, 1.000000000000000000 ) ) ;
#2555 = DIRECTION ( 'NONE',  ( -0.000000000000000000, -0.000000000000000000, 1.000000000000000000 ) ) ;
#2556 = VECTOR ( 'NONE', #3078, 1000.000000000000000 ) ;
#2557 = DIRECTION ( 'NONE',  ( -0.000000000000000000, -0.000000000000000000, 1.000000000000000000 ) ) ;
#2558 = CIRCLE ( 'NONE', #237, 0.4500000000000025091 ) ;
#2559 = VECTOR ( 'NONE', #1326, 1000.000000000000000 ) ;
#2560 = ORIENTED_EDGE ( 'NONE', *, *, #2831, .T. ) ;
#2561 = EDGE_LOOP ( 'NONE', ( #2704, #1283, #1293, #2489 ) ) ;
#2562 = CIRCLE ( 'NONE', #641, 0.4499999999999990119 ) ;
#2563 = CARTESIAN_POINT ( 'NONE',  ( 2.592525277006264193E-16, 1.000000000000000888, 1.600000000000000089 ) ) ;
#2564 = FACE_BOUND ( 'NONE', #2360, .T. ) ;
#2565 = ORIENTED_EDGE ( 'NONE', *, *, #63, .F. ) ;
#2566 = EDGE_LOOP ( 'NONE', ( #1827, #949 ) ) ;
#2567 = DIRECTION ( 'NONE',  ( 0.000000000000000000, 0.000000000000000000, 1.000000000000000000 ) ) ;
#2568 = DIRECTION ( 'NONE',  ( 1.000000000000000000, 0.000000000000000000, 0.000000000000000000 ) ) ;
#2569 = DIRECTION ( 'NONE',  ( 1.000000000000000000, 0.000000000000000000, 0.000000000000000000 ) ) ;
#2570 = CARTESIAN_POINT ( 'NONE',  ( 28.49999999999999289, 50.79999999999990479, 0.000000000000000000 ) ) ;
#2571 = DIRECTION ( 'NONE',  ( 0.000000000000000000, 0.000000000000000000, 1.000000000000000000 ) ) ;
#2572 = ADVANCED_FACE ( 'NONE', ( #1759 ), #1555, .F. ) ;
#2573 = EDGE_CURVE ( 'NONE', #1328, #1970, #1572, .T. ) ;
#2574 = EDGE_CURVE ( 'NONE', #2309, #144, #1018, .T. ) ;
#2575 = ORIENTED_EDGE ( 'NONE', *, *, #3073, .T. ) ;
#2576 = AXIS2_PLACEMENT_3D ( 'NONE', #1533, #2727, #1076 ) ;
#2577 = CARTESIAN_POINT ( 'NONE',  ( 27.48999999999999133, 2.539999999999876135, 0.000000000000000000 ) ) ;
#2578 = EDGE_CURVE ( 'NONE', #1235, #648, #2343, .T. ) ;
#2579 = DIRECTION ( 'NONE',  ( 0.000000000000000000, 0.000000000000000000, 1.000000000000000000 ) ) ;
#2580 = DIRECTION ( 'NONE',  ( 1.000000000000000000, -2.592525277006249895E-16, 0.000000000000000000 ) ) ;
#2581 = EDGE_LOOP ( 'NONE', ( #113, #1871, #3117, #2397 ) ) ;
#2582 = AXIS2_PLACEMENT_3D ( 'NONE', #2861, #394, #2824 ) ;
#2583 = LINE ( 'NONE', #1891, #919 ) ;
#2584 = CARTESIAN_POINT ( 'NONE',  ( 63.50000000000000000, 25.35000000000000142, 1.600000000000000089 ) ) ;
#2585 = ORIENTED_EDGE ( 'NONE', *, *, #3012, .F. ) ;
#2586 = CIRCLE ( 'NONE', #2847, 0.4999999999999865663 ) ;
#2587 = DIRECTION ( 'NONE',  ( 0.000000000000000000, 0.000000000000000000, 1.000000000000000000 ) ) ;
#2588 = CARTESIAN_POINT ( 'NONE',  ( 66.53999999999999204, 30.43000000000000327, 1.600000000000000089 ) ) ;
#2589 = CARTESIAN_POINT ( 'NONE',  ( 34.47999999999999687, 50.79999999999994031, 1.600000000000000089 ) ) ;
#2590 = CARTESIAN_POINT ( 'NONE',  ( 33.46999999999999176, 2.539999999999911662, 1.600000000000000089 ) ) ;
#2591 = CIRCLE ( 'NONE', #1681, 0.4999999999999865663 ) ;
#2592 = EDGE_LOOP ( 'NONE', ( #1415, #982, #1658, #1016 ) ) ;
#2593 = CARTESIAN_POINT ( 'NONE',  ( 63.49999999999998579, 27.89000000000000057, 0.000000000000000000 ) ) ;
#2594 = DIRECTION ( 'NONE',  ( 1.000000000000000000, 0.000000000000000000, 0.000000000000000000 ) ) ;
#2595 = CARTESIAN_POINT ( 'NONE',  ( 63.50000000000000000, 30.43000000000000327, 0.000000000000000000 ) ) ;
#2596 = FACE_BOUND ( 'NONE', #1518, .T. ) ;
#2597 = EDGE_CURVE ( 'NONE', #2253, #824, #2691, .T. ) ;
#2598 = ORIENTED_EDGE ( 'NONE', *, *, #352, .F. ) ;
#2599 = ORIENTED_EDGE ( 'NONE', *, *, #1356, .F. ) ;
#2600 = CIRCLE ( 'NONE', #2038, 0.5000000000000004441 ) ;
#2601 = EDGE_CURVE ( 'NONE', #2174, #378, #609, .T. ) ;
#2602 = DIRECTION ( 'NONE',  ( -0.000000000000000000, -0.000000000000000000, 1.000000000000000000 ) ) ;
#2603 = CARTESIAN_POINT ( 'NONE',  ( 67.00000000000001421, 53.53000000000000114, 0.000000000000000000 ) ) ;
#2604 = AXIS2_PLACEMENT_3D ( 'NONE', #2044, #3024, #847 ) ;
#2605 = ORIENTED_EDGE ( 'NONE', *, *, #1186, .F. ) ;
#2606 = CARTESIAN_POINT ( 'NONE',  ( 29.39999999999999858, 50.79999999999990479, 0.000000000000000000 ) ) ;
#2607 = CARTESIAN_POINT ( 'NONE',  ( 58.86999999999999744, 2.539999999999964508, 0.000000000000000000 ) ) ;
#2608 = CARTESIAN_POINT ( 'NONE',  ( 33.57999999999999829, 50.79999999999994031, 0.000000000000000000 ) ) ;
#2609 = CIRCLE ( 'NONE', #2870, 0.4499999999999990119 ) ;
#2610 = EDGE_LOOP ( 'NONE', ( #79, #568, #2247, #1364 ) ) ;
#2611 = FACE_BOUND ( 'NONE', #134, .T. ) ;
#2612 = CARTESIAN_POINT ( 'NONE',  ( 53.33999999999999631, 2.539999999999928981, 0.000000000000000000 ) ) ;
#2613 = CARTESIAN_POINT ( 'NONE',  ( 52.89000000000000057, 50.79999999999992610, 0.000000000000000000 ) ) ;
#2614 = PLANE ( 'NONE',  #555 ) ;
#2615 = ORIENTED_EDGE ( 'NONE', *, *, #1083, .F. ) ;
#2616 = DIRECTION ( 'NONE',  ( -0.000000000000000000, -0.000000000000000000, 1.000000000000000000 ) ) ;
#2617 = CARTESIAN_POINT ( 'NONE',  ( 63.00000000000001421, 25.35000000000000142, 0.000000000000000000 ) ) ;
#2618 = CARTESIAN_POINT ( 'NONE',  ( 63.00000000000000000, 27.89000000000000057, 1.600000000000000089 ) ) ;
#2619 = EDGE_LOOP ( 'NONE', ( #2104, #2937, #740, #697 ) ) ;
#2620 = CARTESIAN_POINT ( 'NONE',  ( 63.50000000000000000, 25.35000000000000142, 0.000000000000000000 ) ) ;
#2621 = EDGE_CURVE ( 'NONE', #2974, #112, #1472, .T. ) ;
#2622 = DIRECTION ( 'NONE',  ( 1.000000000000000000, 0.000000000000000000, 0.000000000000000000 ) ) ;
#2623 = DIRECTION ( 'NONE',  ( 1.000000000000000000, 0.000000000000000000, 0.000000000000000000 ) ) ;
#2624 = DIRECTION ( 'NONE',  ( -0.000000000000000000, -0.000000000000000000, 1.000000000000000000 ) ) ;
#2625 = CARTESIAN_POINT ( 'NONE',  ( 61.40999999999999659, 50.79999999999997584, 0.000000000000000000 ) ) ;
#2626 = VERTEX_POINT ( 'NONE', #3083 ) ;
#2627 = FACE_BOUND ( 'NONE', #1189, .T. ) ;
#2628 = CARTESIAN_POINT ( 'NONE',  ( 41.20000000000000284, 50.79999999999999716, 0.000000000000000000 ) ) ;
#2629 = FACE_BOUND ( 'NONE', #1123, .T. ) ;
#2630 = ORIENTED_EDGE ( 'NONE', *, *, #961, .T. ) ;
#2631 = AXIS2_PLACEMENT_3D ( 'NONE', #468, #2640, #2367 ) ;
#2632 = ORIENTED_EDGE ( 'NONE', *, *, #731, .T. ) ;
#2633 = AXIS2_PLACEMENT_3D ( 'NONE', #1976, #2693, #519 ) ;
#2634 = CARTESIAN_POINT ( 'NONE',  ( 50.35000000000000142, 50.79999999999990479, 0.000000000000000000 ) ) ;
#2635 = DIRECTION ( 'NONE',  ( -0.000000000000000000, -0.000000000000000000, 1.000000000000000000 ) ) ;
#2636 = CIRCLE ( 'NONE', #156, 1.000000000000000888 ) ;
#2637 = ORIENTED_EDGE ( 'NONE', *, *, #2918, .T. ) ;
#2638 = EDGE_CURVE ( 'NONE', #720, #66, #1869, .T. ) ;
#2639 = CARTESIAN_POINT ( 'NONE',  ( 18.78999999999999915, 50.79999999999984084, 0.000000000000000000 ) ) ;
#2640 = DIRECTION ( 'NONE',  ( 0.000000000000000000, 0.000000000000000000, 1.000000000000000000 ) ) ;
#2641 = DIRECTION ( 'NONE',  ( -0.000000000000000000, -0.000000000000000000, 1.000000000000000000 ) ) ;
#2642 = VECTOR ( 'NONE', #1413, 1000.000000000000000 ) ;
#2643 = EDGE_CURVE ( 'NONE', #2755, #2219, #1770, .T. ) ;
#2644 = ORIENTED_EDGE ( 'NONE', *, *, #2976, .F. ) ;
#2645 = FACE_BOUND ( 'NONE', #750, .T. ) ;
#2646 = DIRECTION ( 'NONE',  ( 0.000000000000000000, 0.000000000000000000, -1.000000000000000000 ) ) ;
#2647 = PLANE ( 'NONE',  #1013 ) ;
#2648 = ORIENTED_EDGE ( 'NONE', *, *, #2415, .F. ) ;
#2649 = AXIS2_PLACEMENT_3D ( 'NONE', #2792, #2526, #1604 ) ;
#2650 = VERTEX_POINT ( 'NONE', #1399 ) ;
#2651 = DIRECTION ( 'NONE',  ( -0.000000000000000000, -0.000000000000000000, 1.000000000000000000 ) ) ;
#2652 = LINE ( 'NONE', #2400, #1796 ) ;
#2653 = ORIENTED_EDGE ( 'NONE', *, *, #2365, .T. ) ;
#2654 = AXIS2_PLACEMENT_3D ( 'NONE', #268, #2478, #2256 ) ;
#2655 = AXIS2_PLACEMENT_3D ( 'NONE', #2593, #693, #1151 ) ;
#2656 = DIRECTION ( 'NONE',  ( 1.000000000000000000, 0.000000000000000000, 0.000000000000000000 ) ) ;
#2657 = LINE ( 'NONE', #706, #1946 ) ;
#2658 = CARTESIAN_POINT ( 'NONE',  ( 23.41999999999999815, 50.79999999999987637, 1.600000000000000089 ) ) ;
#2659 = DIRECTION ( 'NONE',  ( 1.000000000000000000, 0.000000000000000000, 0.000000000000000000 ) ) ;
#2660 = CARTESIAN_POINT ( 'NONE',  ( 39.10999999999999943, 50.79999999999997584, 1.600000000000000089 ) ) ;
#2661 = EDGE_LOOP ( 'NONE', ( #393, #1448, #418, #761 ) ) ;
#2662 = ORIENTED_EDGE ( 'NONE', *, *, #67, .T. ) ;
#2663 = DIRECTION ( 'NONE',  ( 2.592525277006249895E-16, -1.000000000000000000, 0.000000000000000000 ) ) ;
#2664 = CARTESIAN_POINT ( 'NONE',  ( 29.39999999999999858, 50.79999999999990479, 1.600000000000000089 ) ) ;
#2665 = VECTOR ( 'NONE', #623, 1000.000000000000000 ) ;
#2666 = VERTEX_POINT ( 'NONE', #1381 ) ;
#2667 = AXIS2_PLACEMENT_3D ( 'NONE', #2466, #974, #2700 ) ;
#2668 = DIRECTION ( 'NONE',  ( 0.000000000000000000, -1.000000000000000000, 0.000000000000000000 ) ) ;
#2669 = CARTESIAN_POINT ( 'NONE',  ( 35.55999999999999517, 2.539999999999928981, 0.000000000000000000 ) ) ;
#2670 = CARTESIAN_POINT ( 'NONE',  ( 66.54000000000000625, 27.89000000000000057, 0.000000000000000000 ) ) ;
#2671 = ORIENTED_EDGE ( 'NONE', *, *, #295, .T. ) ;
#2672 = DIRECTION ( 'NONE',  ( 0.000000000000000000, 0.000000000000000000, 1.000000000000000000 ) ) ;
#2673 = EDGE_CURVE ( 'NONE', #659, #1676, #1822, .T. ) ;
#2674 = EDGE_CURVE ( 'NONE', #996, #117, #1370, .T. ) ;
#2675 = ADVANCED_FACE ( 'NONE', ( #635 ), #1129, .F. ) ;
#2676 = EDGE_LOOP ( 'NONE', ( #208, #1150, #838, #1172 ) ) ;
#2677 = ORIENTED_EDGE ( 'NONE', *, *, #470, .T. ) ;
#2678 = EDGE_CURVE ( 'NONE', #117, #996, #2231, .T. ) ;
#2679 = PLANE ( 'NONE',  #1724 ) ;
#2680 = VECTOR ( 'NONE', #2168, 1000.000000000000000 ) ;
#2681 = DIRECTION ( 'NONE',  ( -0.000000000000000000, -0.000000000000000000, 1.000000000000000000 ) ) ;
#2682 = ORIENTED_EDGE ( 'NONE', *, *, #171, .T. ) ;
#2683 = CIRCLE ( 'NONE', #1718, 0.4500000000000059508 ) ;
#2684 = CIRCLE ( 'NONE', #2275, 0.4499999999999990119 ) ;
#2685 = EDGE_CURVE ( 'NONE', #1092, #3064, #3120, .T. ) ;
#2686 = LINE ( 'NONE', #1971, #748 ) ;
#2687 = CARTESIAN_POINT ( 'NONE',  ( 60.96000000000000085, 50.79999999999997584, 1.600000000000000089 ) ) ;
#2688 = AXIS2_PLACEMENT_3D ( 'NONE', #2504, #331, #2265 ) ;
#2689 = CARTESIAN_POINT ( 'NONE',  ( 56.32999999999999829, 2.539999999999946745, 0.000000000000000000 ) ) ;
#2690 = FACE_OUTER_BOUND ( 'NONE', #71, .T. ) ;
#2691 = CIRCLE ( 'NONE', #1978, 0.4500000000000059508 ) ;
#2692 = EDGE_LOOP ( 'NONE', ( #127, #3100 ) ) ;
#2693 = DIRECTION ( 'NONE',  ( 0.000000000000000000, 0.000000000000000000, 1.000000000000000000 ) ) ;
#2694 = AXIS2_PLACEMENT_3D ( 'NONE', #1000, #770, #2416 ) ;
#2695 = ORIENTED_EDGE ( 'NONE', *, *, #105, .T. ) ;
#2696 = ORIENTED_EDGE ( 'NONE', *, *, #1130, .T. ) ;
#2697 = CIRCLE ( 'NONE', #3003, 0.4499999999999990119 ) ;
#2698 = CYLINDRICAL_SURFACE ( 'NONE', #2027, 0.4500000000000025091 ) ;
#2699 = ORIENTED_EDGE ( 'NONE', *, *, #3006, .F. ) ;
#2700 = DIRECTION ( 'NONE',  ( 1.000000000000000000, 0.000000000000000000, 0.000000000000000000 ) ) ;
#2701 = DIRECTION ( 'NONE',  ( -0.000000000000000000, -0.000000000000000000, 1.000000000000000000 ) ) ;
#2702 = CYLINDRICAL_SURFACE ( 'NONE', #564, 1.000000000000000000 ) ;
#2703 = CIRCLE ( 'NONE', #1339, 0.4499999999999990119 ) ;
#2704 = ORIENTED_EDGE ( 'NONE', *, *, #1426, .F. ) ;
#2705 = DIRECTION ( 'NONE',  ( 1.000000000000000000, 0.000000000000000000, 0.000000000000000000 ) ) ;
#2706 = ORIENTED_EDGE ( 'NONE', *, *, #2120, .T. ) ;
#2707 = ORIENTED_EDGE ( 'NONE', *, *, #63, .T. ) ;
#2708 = AXIS2_PLACEMENT_3D ( 'NONE', #2427, #1393, #2904 ) ;
#2709 = DIRECTION ( 'NONE',  ( -0.000000000000000000, -0.000000000000000000, 1.000000000000000000 ) ) ;
#2710 = AXIS2_PLACEMENT_3D ( 'NONE', #3066, #1665, #2363 ) ;
#2711 = ORIENTED_EDGE ( 'NONE', *, *, #2117, .T. ) ;
#2712 = ORIENTED_EDGE ( 'NONE', *, *, #123, .T. ) ;
#2713 = EDGE_CURVE ( 'NONE', #870, #1424, #2583, .T. ) ;
#2714 = LINE ( 'NONE', #1467, #342 ) ;
#2715 = EDGE_CURVE ( 'NONE', #939, #3017, #1520, .T. ) ;
#2716 = EDGE_CURVE ( 'NONE', #3032, #1958, #1650, .T. ) ;
#2717 = DIRECTION ( 'NONE',  ( 1.000000000000000000, 0.000000000000000000, 0.000000000000000000 ) ) ;
#2718 = CARTESIAN_POINT ( 'NONE',  ( 23.86999999999999744, 50.79999999999987637, 0.000000000000000000 ) ) ;
#2719 = CARTESIAN_POINT ( 'NONE',  ( 60.50999999999999801, 50.79999999999997584, 1.600000000000000089 ) ) ;
#2720 = AXIS2_PLACEMENT_3D ( 'NONE', #3089, #2624, #2369 ) ;
#2721 = EDGE_CURVE ( 'NONE', #870, #374, #3042, .T. ) ;
#2722 = FACE_BOUND ( 'NONE', #1582, .T. ) ;
#2723 = ORIENTED_EDGE ( 'NONE', *, *, #3074, .T. ) ;
#2724 = EDGE_LOOP ( 'NONE', ( #1647, #2746 ) ) ;
#2725 = ORIENTED_EDGE ( 'NONE', *, *, #2252, .T. ) ;
#2726 = CARTESIAN_POINT ( 'NONE',  ( 57.96999999999999886, 50.79999999999996163, 0.000000000000000000 ) ) ;
#2727 = DIRECTION ( 'NONE',  ( -0.000000000000000000, -0.000000000000000000, 1.000000000000000000 ) ) ;
#2728 = DIRECTION ( 'NONE',  ( -0.000000000000000000, -0.000000000000000000, 1.000000000000000000 ) ) ;
#2729 = ORIENTED_EDGE ( 'NONE', *, *, #3119, .F. ) ;
#2730 = ORIENTED_EDGE ( 'NONE', *, *, #2331, .T. ) ;
#2731 = CARTESIAN_POINT ( 'NONE',  ( 41.64999999999999858, 50.79999999999999716, 1.600000000000000089 ) ) ;
#2732 = CARTESIAN_POINT ( 'NONE',  ( 50.79999999999999716, 50.79999999999990479, 0.000000000000000000 ) ) ;
#2733 = DIRECTION ( 'NONE',  ( 0.000000000000000000, 0.000000000000000000, 1.000000000000000000 ) ) ;
#2734 = FILL_AREA_STYLE ('',( #1306 ) ) ;
#2735 = DIRECTION ( 'NONE',  ( 1.000000000000000000, 0.000000000000000000, 0.000000000000000000 ) ) ;
#2736 = EDGE_CURVE ( 'NONE', #1629, #2429, #1117, .T. ) ;
#2737 = VERTEX_POINT ( 'NONE', #1836 ) ;
#2738 = VECTOR ( 'NONE', #2602, 1000.000000000000000 ) ;
#2739 = EDGE_CURVE ( 'NONE', #2460, #3011, #1876, .T. ) ;
#2740 = AXIS2_PLACEMENT_3D ( 'NONE', #2494, #619, #2028 ) ;
#2741 = ORIENTED_EDGE ( 'NONE', *, *, #2054, .T. ) ;
#2742 = ORIENTED_EDGE ( 'NONE', *, *, #2017, .F. ) ;
#2743 = DIRECTION ( 'NONE',  ( 0.000000000000000000, 0.000000000000000000, 1.000000000000000000 ) ) ;
#2744 = LINE ( 'NONE', #2040, #1469 ) ;
#2745 = ORIENTED_EDGE ( 'NONE', *, *, #16, .T. ) ;
#2746 = ORIENTED_EDGE ( 'NONE', *, *, #2111, .F. ) ;
#2747 = DIRECTION ( 'NONE',  ( 1.000000000000000000, 0.000000000000000000, 0.000000000000000000 ) ) ;
#2748 = VECTOR ( 'NONE', #1516, 1000.000000000000000 ) ;
#2749 = DIRECTION ( 'NONE',  ( -0.000000000000000000, -0.000000000000000000, 1.000000000000000000 ) ) ;
#2750 = DIRECTION ( 'NONE',  ( 1.000000000000000000, 0.000000000000000000, 0.000000000000000000 ) ) ;
#2751 = LINE ( 'NONE', #2031, #431 ) ;
#2752 = CARTESIAN_POINT ( 'NONE',  ( 36.57000000000000028, 50.79999999999996163, 0.000000000000000000 ) ) ;
#2753 = ORIENTED_EDGE ( 'NONE', *, *, #1476, .F. ) ;
#2754 = CIRCLE ( 'NONE', #2200, 0.4499999999999990119 ) ;
#2755 = VERTEX_POINT ( 'NONE', #2325 ) ;
#2756 = ORIENTED_EDGE ( 'NONE', *, *, #2881, .T. ) ;
#2757 = CARTESIAN_POINT ( 'NONE',  ( 63.49999999999998579, 27.89000000000000057, 1.600000000000000089 ) ) ;
#2758 = CYLINDRICAL_SURFACE ( 'NONE', #6, 0.4499999999999990119 ) ;
#2759 = ORIENTED_EDGE ( 'NONE', *, *, #101, .F. ) ;
#2760 = ORIENTED_EDGE ( 'NONE', *, *, #1638, .F. ) ;
#2761 = CIRCLE ( 'NONE', #3021, 0.4499999999999990119 ) ;
#2762 = CARTESIAN_POINT ( 'NONE',  ( 27.93999999999999417, 2.539999999999876135, 0.000000000000000000 ) ) ;
#2763 = CARTESIAN_POINT ( 'NONE',  ( 50.79999999999999716, 2.539999999999911662, 0.000000000000000000 ) ) ;
#2764 = CARTESIAN_POINT ( 'NONE',  ( 53.78999999999999915, 50.79999999999992610, 0.000000000000000000 ) ) ;
#2765 = EDGE_CURVE ( 'NONE', #346, #2401, #166, .T. ) ;
#2766 = CARTESIAN_POINT ( 'NONE',  ( 66.03999999999999204, 30.43000000000000327, 0.000000000000000000 ) ) ;
#2767 = ORIENTED_EDGE ( 'NONE', *, *, #300, .T. ) ;
#2768 = EDGE_CURVE ( 'NONE', #1263, #1474, #2901, .T. ) ;
#2769 = EDGE_CURVE ( 'NONE', #1949, #2857, #2328, .T. ) ;
#2770 = ORIENTED_EDGE ( 'NONE', *, *, #2775, .T. ) ;
#2771 = ORIENTED_EDGE ( 'NONE', *, *, #369, .F. ) ;
#2772 = ADVANCED_FACE ( 'NONE', ( #971 ), #1252, .F. ) ;
#2773 = CARTESIAN_POINT ( 'NONE',  ( 21.32999999999999829, 50.79999999999986215, 0.000000000000000000 ) ) ;
#2774 = ORIENTED_EDGE ( 'NONE', *, *, #241, .F. ) ;
#2775 = EDGE_CURVE ( 'NONE', #2827, #778, #403, .T. ) ;
#2776 = ORIENTED_EDGE ( 'NONE', *, *, #2155, .F. ) ;
#2777 = CARTESIAN_POINT ( 'NONE',  ( 65.54000000000000625, 27.89000000000000057, 0.000000000000000000 ) ) ;
#2778 = CARTESIAN_POINT ( 'NONE',  ( 18.78999999999999915, 50.79999999999984084, 0.000000000000000000 ) ) ;
#2779 = ADVANCED_FACE ( 'NONE', ( #1014 ), #26, .F. ) ;
#2780 =( NAMED_UNIT ( * ) PLANE_ANGLE_UNIT ( ) SI_UNIT ( $, .RADIAN. ) );
#2781 = CARTESIAN_POINT ( 'NONE',  ( 33.01999999999999602, 2.539999999999911662, 0.000000000000000000 ) ) ;
#2782 = AXIS2_PLACEMENT_3D ( 'NONE', #2496, #1242, #73 ) ;
#2783 = CIRCLE ( 'NONE', #3038, 0.4999999999999865663 ) ;
#2784 = ORIENTED_EDGE ( 'NONE', *, *, #10, .T. ) ;
#2785 = EDGE_LOOP ( 'NONE', ( #808, #962, #150, #1331 ) ) ;
#2786 = CYLINDRICAL_SURFACE ( 'NONE', #1325, 0.4500000000000025091 ) ;
#2787 = CIRCLE ( 'NONE', #2077, 0.4999999999999865663 ) ;
#2788 = ORIENTED_EDGE ( 'NONE', *, *, #2306, .T. ) ;
#2789 = ORIENTED_EDGE ( 'NONE', *, *, #2152, .F. ) ;
#2790 = DIRECTION ( 'NONE',  ( -0.000000000000000000, -0.000000000000000000, 1.000000000000000000 ) ) ;
#2791 = CARTESIAN_POINT ( 'NONE',  ( 58.86999999999999744, 50.79999999999996163, 1.600000000000000089 ) ) ;
#2792 = CARTESIAN_POINT ( 'NONE',  ( 41.64999999999999858, 50.79999999999999716, 0.000000000000000000 ) ) ;
#2793 = CYLINDRICAL_SURFACE ( 'NONE', #2098, 0.4499999999999990119 ) ;
#2794 = CARTESIAN_POINT ( 'NONE',  ( 51.25000000000000000, 2.539999999999911662, 1.600000000000000089 ) ) ;
#2795 = AXIS2_PLACEMENT_3D ( 'NONE', #382, #2045, #104 ) ;
#2796 = EDGE_LOOP ( 'NONE', ( #2201, #2186, #304, #2220 ) ) ;
#2797 = CIRCLE ( 'NONE', #1690, 0.4499999999999990119 ) ;
#2798 = ORIENTED_EDGE ( 'NONE', *, *, #2578, .T. ) ;
#2799 = CIRCLE ( 'NONE', #417, 0.4499999999999990119 ) ;
#2800 = DIRECTION ( 'NONE',  ( -0.000000000000000000, -0.000000000000000000, 1.000000000000000000 ) ) ;
#2801 = CARTESIAN_POINT ( 'NONE',  ( 1.387778780781445676E-14, 53.53000000000000114, 1.600000000000000089 ) ) ;
#2802 = ORIENTED_EDGE ( 'NONE', *, *, #2340, .F. ) ;
#2803 = EDGE_LOOP ( 'NONE', ( #328, #1535, #977, #2925 ) ) ;
#2804 = ADVANCED_FACE ( 'NONE', ( #782 ), #3134, .F. ) ;
#2805 = DIRECTION ( 'NONE',  ( 0.000000000000000000, 0.000000000000000000, 1.000000000000000000 ) ) ;
#2806 = DIRECTION ( 'NONE',  ( 1.000000000000000000, 0.000000000000000000, 0.000000000000000000 ) ) ;
#2807 = CARTESIAN_POINT ( 'NONE',  ( 38.09999999999999432, 2.539999999999946745, 1.600000000000000089 ) ) ;
#2808 = EDGE_CURVE ( 'NONE', #2501, #2626, #2399, .T. ) ;
#2809 = AXIS2_PLACEMENT_3D ( 'NONE', #3112, #1883, #1201 ) ;
#2810 = EDGE_CURVE ( 'NONE', #408, #513, #751, .T. ) ;
#2811 = DIRECTION ( 'NONE',  ( -0.000000000000000000, -0.000000000000000000, 1.000000000000000000 ) ) ;
#2812 = CIRCLE ( 'NONE', #2049, 0.5000000000000004441 ) ;
#2813 = ADVANCED_FACE ( 'NONE', ( #262 ), #2679, .F. ) ;
#2814 = VECTOR ( 'NONE', #2482, 1000.000000000000000 ) ;
#2815 = ORIENTED_EDGE ( 'NONE', *, *, #2908, .F. ) ;
#2816 = AXIS2_PLACEMENT_3D ( 'NONE', #2961, #741, #2914 ) ;
#2817 = FACE_BOUND ( 'NONE', #3082, .T. ) ;
#2818 = CIRCLE ( 'NONE', #948, 0.4499999999999990119 ) ;
#2819 = DIRECTION ( 'NONE',  ( 1.000000000000000000, 0.000000000000000000, 0.000000000000000000 ) ) ;
#2820 = DIRECTION ( 'NONE',  ( 1.000000000000000000, 0.000000000000000000, 0.000000000000000000 ) ) ;
#2821 = CARTESIAN_POINT ( 'NONE',  ( 58.42000000000000171, 50.79999999999996163, 1.600000000000000089 ) ) ;
#2822 = EDGE_LOOP ( 'NONE', ( #2671, #1479 ) ) ;
#2823 = ORIENTED_EDGE ( 'NONE', *, *, #2887, .T. ) ;
#2824 = DIRECTION ( 'NONE',  ( 1.000000000000000000, 0.000000000000000000, 0.000000000000000000 ) ) ;
#2825 = CARTESIAN_POINT ( 'NONE',  ( 39.10999999999999943, 50.79999999999997584, 0.000000000000000000 ) ) ;
#2826 = CARTESIAN_POINT ( 'NONE',  ( 50.35000000000000142, 2.539999999999911662, 0.000000000000000000 ) ) ;
#2827 = VERTEX_POINT ( 'NONE', #2191 ) ;
#2828 = PRODUCT_RELATED_PRODUCT_CATEGORY ( 'part', '', ( #707 ) ) ;
#2829 = CARTESIAN_POINT ( 'NONE',  ( 55.88000000000000256, 2.539999999999946745, 0.000000000000000000 ) ) ;
#2830 = CARTESIAN_POINT ( 'NONE',  ( 60.96000000000000085, 50.79999999999997584, 0.000000000000000000 ) ) ;
#2831 = EDGE_CURVE ( 'NONE', #2353, #25, #2954, .T. ) ;
#2832 = VERTEX_POINT ( 'NONE', #717 ) ;
#2833 = AXIS2_PLACEMENT_3D ( 'NONE', #1115, #1135, #1307 ) ;
#2834 = FACE_BOUND ( 'NONE', #3028, .T. ) ;
#2835 = EDGE_CURVE ( 'NONE', #2956, #1119, #406, .T. ) ;
#2836 = DIRECTION ( 'NONE',  ( 1.000000000000000000, 0.000000000000000000, 0.000000000000000000 ) ) ;
#2837 = CARTESIAN_POINT ( 'NONE',  ( 1.387778780781445676E-14, 53.53000000000000114, 0.000000000000000000 ) ) ;
#2838 = DIRECTION ( 'NONE',  ( -0.000000000000000000, -0.000000000000000000, 1.000000000000000000 ) ) ;
#2839 = DIRECTION ( 'NONE',  ( 0.000000000000000000, 0.000000000000000000, 1.000000000000000000 ) ) ;
#2840 = EDGE_LOOP ( 'NONE', ( #2413, #1519 ) ) ;
#2841 = VERTEX_POINT ( 'NONE', #1679 ) ;
#2842 = ADVANCED_FACE ( 'NONE', ( #11 ), #984, .F. ) ;
#2843 = AXIS2_PLACEMENT_3D ( 'NONE', #1431, #151, #2074 ) ;
#2844 = DIRECTION ( 'NONE',  ( 1.000000000000000000, 0.000000000000000000, 0.000000000000000000 ) ) ;
#2845 = DIRECTION ( 'NONE',  ( 1.000000000000000000, 0.000000000000000000, 0.000000000000000000 ) ) ;
#2846 = ORIENTED_EDGE ( 'NONE', *, *, #864, .T. ) ;
#2847 = AXIS2_PLACEMENT_3D ( 'NONE', #1550, #2266, #1532 ) ;
#2848 = CARTESIAN_POINT ( 'NONE',  ( 48.25999999999999801, 50.79999999999989058, 0.000000000000000000 ) ) ;
#2849 = DIRECTION ( 'NONE',  ( 1.000000000000000000, 0.000000000000000000, 0.000000000000000000 ) ) ;
#2850 = AXIS2_PLACEMENT_3D ( 'NONE', #2122, #2800, #2310 ) ;
#2851 = AXIS2_PLACEMENT_3D ( 'NONE', #963, #1484, #1721 ) ;
#2852 = ORIENTED_EDGE ( 'NONE', *, *, #1190, .F. ) ;
#2853 = FACE_BOUND ( 'NONE', #2724, .T. ) ;
#2854 = LINE ( 'NONE', #2628, #81 ) ;
#2855 = LINE ( 'NONE', #3041, #1380 ) ;
#2856 = FACE_BOUND ( 'NONE', #2287, .T. ) ;
#2857 = VERTEX_POINT ( 'NONE', #2206 ) ;
#2858 = EDGE_LOOP ( 'NONE', ( #2041, #1372, #667, #973 ) ) ;
#2859 = ADVANCED_FACE ( 'NONE', ( #482 ), #1445, .F. ) ;
#2860 = CIRCLE ( 'NONE', #29, 0.4499999999999990119 ) ;
#2861 = CARTESIAN_POINT ( 'NONE',  ( 41.64999999999999858, 50.79999999999999716, 0.000000000000000000 ) ) ;
#2862 = DIRECTION ( 'NONE',  ( 1.000000000000000000, 0.000000000000000000, 0.000000000000000000 ) ) ;
#2863 = CIRCLE ( 'NONE', #1237, 1.000000000000000222 ) ;
#2864 = EDGE_LOOP ( 'NONE', ( #2760, #2308 ) ) ;
#2865 = DIRECTION ( 'NONE',  ( -0.000000000000000000, -0.000000000000000000, 1.000000000000000000 ) ) ;
#2866 = CARTESIAN_POINT ( 'NONE',  ( 66.03999999999999204, 25.35000000000000142, 0.000000000000000000 ) ) ;
#2867 = DIRECTION ( 'NONE',  ( 1.000000000000000000, 0.000000000000000000, 0.000000000000000000 ) ) ;
#2868 = CYLINDRICAL_SURFACE ( 'NONE', #2720, 0.4499999999999990119 ) ;
#2869 = CIRCLE ( 'NONE', #1392, 0.4500000000000025091 ) ;
#2870 = AXIS2_PLACEMENT_3D ( 'NONE', #2944, #263, #972 ) ;
#2871 = VERTEX_POINT ( 'NONE', #40 ) ;
#2872 = ADVANCED_FACE ( 'NONE', ( #1968 ), #2698, .F. ) ;
#2873 = CARTESIAN_POINT ( 'NONE',  ( 55.42999999999999972, 2.539999999999946745, 0.000000000000000000 ) ) ;
#2874 = CARTESIAN_POINT ( 'NONE',  ( 40.18999999999999773, 2.539999999999964508, 1.600000000000000089 ) ) ;
#2875 = EDGE_CURVE ( 'NONE', #112, #888, #1049, .T. ) ;
#2876 = CARTESIAN_POINT ( 'NONE',  ( 33.01999999999999602, 2.539999999999911662, 0.000000000000000000 ) ) ;
#2877 = ORIENTED_EDGE ( 'NONE', *, *, #763, .T. ) ;
#2878 = VERTEX_POINT ( 'NONE', #2998 ) ;
#2879 = ADVANCED_FACE ( 'NONE', ( #2506 ), #2786, .F. ) ;
#2880 = DIRECTION ( 'NONE',  ( 1.000000000000000000, 0.000000000000000000, 0.000000000000000000 ) ) ;
#2881 = EDGE_CURVE ( 'NONE', #2082, #42, #1265, .T. ) ;
#2882 = DIRECTION ( 'NONE',  ( 0.000000000000000000, 0.000000000000000000, 1.000000000000000000 ) ) ;
#2883 = EDGE_LOOP ( 'NONE', ( #1035, #1833, #1624, #1503 ) ) ;
#2884 = DIRECTION ( 'NONE',  ( 0.000000000000000000, 0.000000000000000000, 1.000000000000000000 ) ) ;
#2885 = DIRECTION ( 'NONE',  ( -0.000000000000000000, -0.000000000000000000, 1.000000000000000000 ) ) ;
#2886 = DIRECTION ( 'NONE',  ( 1.000000000000000000, 0.000000000000000000, 0.000000000000000000 ) ) ;
#2887 = EDGE_CURVE ( 'NONE', #1294, #547, #69, .T. ) ;
#2888 = EDGE_LOOP ( 'NONE', ( #2903, #1653, #247, #426 ) ) ;
#2889 = FACE_BOUND ( 'NONE', #41, .T. ) ;
#2890 = LINE ( 'NONE', #710, #1794 ) ;
#2891 = DIRECTION ( 'NONE',  ( 0.000000000000000000, 0.000000000000000000, 1.000000000000000000 ) ) ;
#2892 = ORIENTED_EDGE ( 'NONE', *, *, #2337, .T. ) ;
#2893 = ORIENTED_EDGE ( 'NONE', *, *, #1228, .F. ) ;
#2894 = DIRECTION ( 'NONE',  ( -0.000000000000000000, -0.000000000000000000, 1.000000000000000000 ) ) ;
#2895 = FACE_OUTER_BOUND ( 'NONE', #1360, .T. ) ;
#2896 = AXIS2_PLACEMENT_3D ( 'NONE', #3080, #2839, #1122 ) ;
#2897 = ORIENTED_EDGE ( 'NONE', *, *, #802, .F. ) ;
#2898 = DIRECTION ( 'NONE',  ( -0.000000000000000000, -0.000000000000000000, 1.000000000000000000 ) ) ;
#2899 = FACE_OUTER_BOUND ( 'NONE', #2661, .T. ) ;
#2900 = DIRECTION ( 'NONE',  ( 0.000000000000000000, 0.000000000000000000, 1.000000000000000000 ) ) ;
#2901 = CIRCLE ( 'NONE', #160, 0.4499999999999990119 ) ;
#2902 = AXIS2_PLACEMENT_3D ( 'NONE', #2980, #1974, #577 ) ;
#2903 = ORIENTED_EDGE ( 'NONE', *, *, #1377, .F. ) ;
#2904 = DIRECTION ( 'NONE',  ( 1.000000000000000000, 0.000000000000000000, 0.000000000000000000 ) ) ;
#2905 = CIRCLE ( 'NONE', #2237, 0.4499999999999990119 ) ;
#2906 = CYLINDRICAL_SURFACE ( 'NONE', #1197, 0.4500000000000025091 ) ;
#2907 = ORIENTED_EDGE ( 'NONE', *, *, #101, .T. ) ;
#2908 = EDGE_CURVE ( 'NONE', #1235, #1007, #3105, .T. ) ;
#2909 = VERTEX_POINT ( 'NONE', #3018 ) ;
#2910 = CARTESIAN_POINT ( 'NONE',  ( 35.55999999999999517, 2.539999999999928981, 0.000000000000000000 ) ) ;
#2911 = CARTESIAN_POINT ( 'NONE',  ( 18.33999999999999631, 50.79999999999984084, 1.600000000000000089 ) ) ;
#2912 = ORIENTED_EDGE ( 'NONE', *, *, #2107, .F. ) ;
#2913 = AXIS2_PLACEMENT_3D ( 'NONE', #1481, #544, #1524 ) ;
#2914 = DIRECTION ( 'NONE',  ( 1.000000000000000000, 0.000000000000000000, 0.000000000000000000 ) ) ;
#2915 = CARTESIAN_POINT ( 'NONE',  ( 52.89000000000000057, 2.539999999999928981, 0.000000000000000000 ) ) ;
#2916 = LINE ( 'NONE', #85, #1838 ) ;
#2917 = EDGE_CURVE ( 'NONE', #845, #97, #2491, .T. ) ;
#2918 = EDGE_CURVE ( 'NONE', #565, #521, #2389, .T. ) ;
#2919 = EDGE_CURVE ( 'NONE', #2994, #1598, #2586, .T. ) ;
#2920 = ORIENTED_EDGE ( 'NONE', *, *, #1321, .T. ) ;
#2921 = DIRECTION ( 'NONE',  ( 0.000000000000000000, 0.000000000000000000, 1.000000000000000000 ) ) ;
#2922 = CIRCLE ( 'NONE', #1642, 0.4499999999999990119 ) ;
#2923 = DIRECTION ( 'NONE',  ( -0.000000000000000000, 0.000000000000000000, 1.000000000000000000 ) ) ;
#2924 = EDGE_CURVE ( 'NONE', #1984, #162, #776, .T. ) ;
#2925 = ORIENTED_EDGE ( 'NONE', *, *, #297, .T. ) ;
#2926 = ORIENTED_EDGE ( 'NONE', *, *, #1874, .F. ) ;
#2927 = DIRECTION ( 'NONE',  ( 0.000000000000000000, 1.000000000000000000, 0.000000000000000000 ) ) ;
#2928 = CARTESIAN_POINT ( 'NONE',  ( 63.50000000000000000, 50.79999999999999716, 0.000000000000000000 ) ) ;
#2929 = VERTEX_POINT ( 'NONE', #2250 ) ;
#2930 = ORIENTED_EDGE ( 'NONE', *, *, #110, .T. ) ;
#2931 = CIRCLE ( 'NONE', #1549, 0.4499999999999990119 ) ;
#2932 = DIRECTION ( 'NONE',  ( 1.000000000000000000, 0.000000000000000000, 0.000000000000000000 ) ) ;
#2933 = CARTESIAN_POINT ( 'NONE',  ( 58.42000000000000171, 50.79999999999996163, 0.000000000000000000 ) ) ;
#2934 = DIRECTION ( 'NONE',  ( -0.000000000000000000, -0.000000000000000000, 1.000000000000000000 ) ) ;
#2935 = DIRECTION ( 'NONE',  ( -1.000000000000000000, 0.000000000000000000, 0.000000000000000000 ) ) ;
#2936 = CARTESIAN_POINT ( 'NONE',  ( 30.92999999999999616, 2.539999999999893898, 1.600000000000000089 ) ) ;
#2937 = ORIENTED_EDGE ( 'NONE', *, *, #192, .T. ) ;
#2938 = CARTESIAN_POINT ( 'NONE',  ( 60.96000000000000085, 2.539999999999982272, 1.600000000000000089 ) ) ;
#2939 = EDGE_CURVE ( 'NONE', #2322, #1708, #1475, .T. ) ;
#2940 = ORIENTED_EDGE ( 'NONE', *, *, #1261, .T. ) ;
#2941 = VERTEX_POINT ( 'NONE', #2235 ) ;
#2942 = CARTESIAN_POINT ( 'NONE',  ( 43.17999999999999261, 2.539999999999982272, 0.000000000000000000 ) ) ;
#2943 = AXIS2_PLACEMENT_3D ( 'NONE', #2687, #755, #1760 ) ;
#2944 = CARTESIAN_POINT ( 'NONE',  ( 45.71999999999999886, 50.79999999999987637, 1.600000000000000089 ) ) ;
#2945 = ORIENTED_EDGE ( 'NONE', *, *, #1558, .F. ) ;
#2946 = CIRCLE ( 'NONE', #2633, 0.5000000000000004441 ) ;
#2947 = CARTESIAN_POINT ( 'NONE',  ( 51.25000000000000000, 2.539999999999911662, 0.000000000000000000 ) ) ;
#2948 = FACE_OUTER_BOUND ( 'NONE', #2531, .T. ) ;
#2949 = DIRECTION ( 'NONE',  ( 0.000000000000000000, 0.000000000000000000, -1.000000000000000000 ) ) ;
#2950 = DIRECTION ( 'NONE',  ( 0.000000000000000000, 0.000000000000000000, 1.000000000000000000 ) ) ;
#2951 = AXIS2_PLACEMENT_3D ( 'NONE', #320, #2378, #2844 ) ;
#2952 = ORIENTED_EDGE ( 'NONE', *, *, #2111, .T. ) ;
#2953 = DIRECTION ( 'NONE',  ( 1.000000000000000000, 0.000000000000000000, 0.000000000000000000 ) ) ;
#2954 = CIRCLE ( 'NONE', #819, 0.4500000000000025091 ) ;
#2955 = EDGE_LOOP ( 'NONE', ( #1072, #1698 ) ) ;
#2956 = VERTEX_POINT ( 'NONE', #2726 ) ;
#2957 = DIRECTION ( 'NONE',  ( 0.000000000000000000, 0.000000000000000000, 1.000000000000000000 ) ) ;
#2958 = AXIS2_PLACEMENT_3D ( 'NONE', #2076, #1113, #878 ) ;
#2959 = EDGE_CURVE ( 'NONE', #1697, #2377, #94, .T. ) ;
#2960 = ORIENTED_EDGE ( 'NONE', *, *, #1874, .T. ) ;
#2961 = CARTESIAN_POINT ( 'NONE',  ( 63.49999999999998579, 27.89000000000000057, 0.000000000000000000 ) ) ;
#2962 = FACE_OUTER_BOUND ( 'NONE', #1292, .T. ) ;
#2963 = DIRECTION ( 'NONE',  ( 0.000000000000000000, 0.000000000000000000, 1.000000000000000000 ) ) ;
#2964 = CARTESIAN_POINT ( 'NONE',  ( 58.86999999999999744, 2.539999999999964508, 0.000000000000000000 ) ) ;
#2965 = CIRCLE ( 'NONE', #879, 0.4499999999999990119 ) ;
#2966 = ORIENTED_EDGE ( 'NONE', *, *, #3119, .T. ) ;
#2967 = ORIENTED_EDGE ( 'NONE', *, *, #2643, .T. ) ;
#2968 = EDGE_LOOP ( 'NONE', ( #822, #600, #1740, #1188 ) ) ;
#2969 = ADVANCED_FACE ( 'NONE', ( #2520 ), #2008, .F. ) ;
#2970 = CARTESIAN_POINT ( 'NONE',  ( 47.80999999999999517, 50.79999999999989058, 0.000000000000000000 ) ) ;
#2971 = AXIS2_PLACEMENT_3D ( 'NONE', #671, #2345, #1870 ) ;
#2972 = FACE_OUTER_BOUND ( 'NONE', #2858, .T. ) ;
#2973 = ORIENTED_EDGE ( 'NONE', *, *, #110, .F. ) ;
#2974 = VERTEX_POINT ( 'NONE', #598 ) ;
#2975 = LINE ( 'NONE', #1522, #2133 ) ;
#2976 = EDGE_CURVE ( 'NONE', #1474, #1263, #1877, .T. ) ;
#2977 = VECTOR ( 'NONE', #1935, 1000.000000000000000 ) ;
#2978 = CARTESIAN_POINT ( 'NONE',  ( 51.25000000000000000, 50.79999999999990479, 0.000000000000000000 ) ) ;
#2979 = CARTESIAN_POINT ( 'NONE',  ( 19.23999999999999844, 50.79999999999984084, 0.000000000000000000 ) ) ;
#2980 = CARTESIAN_POINT ( 'NONE',  ( 66.03999999999999204, 30.43000000000000327, 0.000000000000000000 ) ) ;
#2981 = EDGE_CURVE ( 'NONE', #2909, #1768, #1774, .T. ) ;
#2982 = DIRECTION ( 'NONE',  ( 1.000000000000000000, 0.000000000000000000, 0.000000000000000000 ) ) ;
#2983 = EDGE_LOOP ( 'NONE', ( #496, #1499, #1963, #2461 ) ) ;
#2984 = ORIENTED_EDGE ( 'NONE', *, *, #3046, .T. ) ;
#2985 = ORIENTED_EDGE ( 'NONE', *, *, #2054, .F. ) ;
#2986 = DIRECTION ( 'NONE',  ( 1.000000000000000000, 0.000000000000000000, 0.000000000000000000 ) ) ;
#2987 = CARTESIAN_POINT ( 'NONE',  ( 56.32999999999999829, 50.79999999999994031, 0.000000000000000000 ) ) ;
#2988 = VERTEX_POINT ( 'NONE', #348 ) ;
#2989 = DIRECTION ( 'NONE',  ( -0.000000000000000000, 0.000000000000000000, 1.000000000000000000 ) ) ;
#2990 = CYLINDRICAL_SURFACE ( 'NONE', #2329, 0.5000000000000004441 ) ;
#2991 = VECTOR ( 'NONE', #2010, 1000.000000000000000 ) ;
#2992 = DIRECTION ( 'NONE',  ( -0.000000000000000000, -0.000000000000000000, 1.000000000000000000 ) ) ;
#2993 = LINE ( 'NONE', #1780, #2004 ) ;
#2994 = VERTEX_POINT ( 'NONE', #1755 ) ;
#2995 = AXIS2_PLACEMENT_3D ( 'NONE', #2773, #1565, #2986 ) ;
#2996 = ORIENTED_EDGE ( 'NONE', *, *, #1309, .T. ) ;
#2997 = EDGE_LOOP ( 'NONE', ( #181, #696 ) ) ;
#2998 = CARTESIAN_POINT ( 'NONE',  ( 28.38999999999999346, 2.539999999999876135, 0.000000000000000000 ) ) ;
#2999 = LINE ( 'NONE', #1788, #3093 ) ;
#3000 = ORIENTED_EDGE ( 'NONE', *, *, #1947, .F. ) ;
#3001 = EDGE_CURVE ( 'NONE', #112, #2974, #111, .T. ) ;
#3002 = ORIENTED_EDGE ( 'NONE', *, *, #1547, .T. ) ;
#3003 = AXIS2_PLACEMENT_3D ( 'NONE', #1903, #613, #1346 ) ;
#3004 = DIRECTION ( 'NONE',  ( 1.000000000000000000, 0.000000000000000000, 0.000000000000000000 ) ) ;
#3005 = CARTESIAN_POINT ( 'NONE',  ( 53.33999999999999631, 2.539999999999928981, 0.000000000000000000 ) ) ;
#3006 = EDGE_CURVE ( 'NONE', #1980, #117, #303, .T. ) ;
#3007 = SURFACE_STYLE_USAGE ( .BOTH. , #1589 ) ;
#3008 = EDGE_CURVE ( 'NONE', #1811, #1594, #2532, .T. ) ;
#3009 = LINE ( 'NONE', #1104, #896 ) ;
#3010 = ADVANCED_FACE ( 'NONE', ( #3079 ), #2357, .F. ) ;
#3011 = VERTEX_POINT ( 'NONE', #664 ) ;
#3012 = EDGE_CURVE ( 'NONE', #1328, #2650, #1107, .T. ) ;
#3013 = AXIS2_PLACEMENT_3D ( 'NONE', #469, #1210, #2116 ) ;
#3014 = EDGE_CURVE ( 'NONE', #2509, #549, #3054, .T. ) ;
#3015 = AXIS2_PLACEMENT_3D ( 'NONE', #2437, #58, #1230 ) ;
#3016 = ORIENTED_EDGE ( 'NONE', *, *, #1951, .T. ) ;
#3017 = VERTEX_POINT ( 'NONE', #1864 ) ;
#3018 = CARTESIAN_POINT ( 'NONE',  ( 20.87999999999999545, 50.79999999999986215, 0.000000000000000000 ) ) ;
#3019 = ADVANCED_FACE ( 'NONE', ( #1120 ), #2336, .F. ) ;
#3020 = CARTESIAN_POINT ( 'NONE',  ( 58.42000000000000171, 2.539999999999964508, 0.000000000000000000 ) ) ;
#3021 = AXIS2_PLACEMENT_3D ( 'NONE', #1341, #1289, #866 ) ;
#3022 = ORIENTED_EDGE ( 'NONE', *, *, #1091, .T. ) ;
#3023 = VERTEX_POINT ( 'NONE', #2067 ) ;
#3024 = DIRECTION ( 'NONE',  ( 0.000000000000000000, 0.000000000000000000, 1.000000000000000000 ) ) ;
#3025 = DIRECTION ( 'NONE',  ( -0.000000000000000000, -0.000000000000000000, 1.000000000000000000 ) ) ;
#3026 = CARTESIAN_POINT ( 'NONE',  ( 52.89000000000000057, 2.539999999999928981, 1.600000000000000089 ) ) ;
#3027 = EDGE_LOOP ( 'NONE', ( #180, #729 ) ) ;
#3028 = EDGE_LOOP ( 'NONE', ( #2414, #2985 ) ) ;
#3029 = VERTEX_POINT ( 'NONE', #2613 ) ;
#3030 = DIRECTION ( 'NONE',  ( 1.000000000000000000, 0.000000000000000000, 0.000000000000000000 ) ) ;
#3031 = FACE_OUTER_BOUND ( 'NONE', #289, .T. ) ;
#3032 = VERTEX_POINT ( 'NONE', #884 ) ;
#3033 = VERTEX_POINT ( 'NONE', #2138 ) ;
#3034 = FACE_OUTER_BOUND ( 'NONE', #2280, .T. ) ;
#3035 = DIRECTION ( 'NONE',  ( -0.000000000000000000, -0.000000000000000000, 1.000000000000000000 ) ) ;
#3036 = DIRECTION ( 'NONE',  ( -0.000000000000000000, -0.000000000000000000, 1.000000000000000000 ) ) ;
#3037 = CARTESIAN_POINT ( 'NONE',  ( 32.56999999999999318, 2.539999999999911662, 0.000000000000000000 ) ) ;
#3038 = AXIS2_PLACEMENT_3D ( 'NONE', #1865, #1171, #148 ) ;
#3039 = EDGE_LOOP ( 'NONE', ( #2523, #642, #2434, #1578 ) ) ;
#3040 = ORIENTED_EDGE ( 'NONE', *, *, #2388, .T. ) ;
#3041 = CARTESIAN_POINT ( 'NONE',  ( 31.03999999999999559, 50.79999999999992610, 0.000000000000000000 ) ) ;
#3042 = CIRCLE ( 'NONE', #716, 0.4499999999999990119 ) ;
#3043 = EDGE_CURVE ( 'NONE', #2871, #996, #2855, .T. ) ;
#3044 = CARTESIAN_POINT ( 'NONE',  ( 21.32999999999999829, 50.79999999999986215, 0.000000000000000000 ) ) ;
#3045 = EDGE_LOOP ( 'NONE', ( #887, #1941, #792, #1443 ) ) ;
#3046 = EDGE_CURVE ( 'NONE', #846, #3029, #170, .T. ) ;
#3047 = CIRCLE ( 'NONE', #1521, 0.4500000000000059508 ) ;
#3048 = ORIENTED_EDGE ( 'NONE', *, *, #657, .T. ) ;
#3049 = EDGE_CURVE ( 'NONE', #2126, #1109, #22, .T. ) ;
#3050 = DIRECTION ( 'NONE',  ( 1.000000000000000000, 0.000000000000000000, 0.000000000000000000 ) ) ;
#3051 = EDGE_CURVE ( 'NONE', #2501, #1906, #2081, .T. ) ;
#3052 = DIRECTION ( 'NONE',  ( 1.000000000000000000, 0.000000000000000000, 0.000000000000000000 ) ) ;
#3053 = CARTESIAN_POINT ( 'NONE',  ( 23.86999999999999744, 50.79999999999987637, 0.000000000000000000 ) ) ;
#3054 = CIRCLE ( 'NONE', #3108, 0.4499999999999990119 ) ;
#3055 = CARTESIAN_POINT ( 'NONE',  ( 60.96000000000000085, 2.539999999999982272, 0.000000000000000000 ) ) ;
#3056 = CYLINDRICAL_SURFACE ( 'NONE', #481, 0.4499999999999990119 ) ;
#3057 = AXIS2_PLACEMENT_3D ( 'NONE', #3005, #834, #2569 ) ;
#3058 = AXIS2_PLACEMENT_3D ( 'NONE', #2830, #1404, #2867 ) ;
#3059 = ORIENTED_EDGE ( 'NONE', *, *, #2810, .F. ) ;
#3060 = FACE_BOUND ( 'NONE', #1907, .T. ) ;
#3061 = DIRECTION ( 'NONE',  ( 0.000000000000000000, 0.000000000000000000, 1.000000000000000000 ) ) ;
#3062 = FACE_BOUND ( 'NONE', #2150, .T. ) ;
#3063 = ORIENTED_EDGE ( 'NONE', *, *, #1977, .T. ) ;
#3064 = VERTEX_POINT ( 'NONE', #2563 ) ;
#3065 = DIRECTION ( 'NONE',  ( 1.000000000000000000, 0.000000000000000000, 0.000000000000000000 ) ) ;
#3066 = CARTESIAN_POINT ( 'NONE',  ( 27.93999999999999417, 2.539999999999876135, 1.600000000000000089 ) ) ;
#3067 = DIRECTION ( 'NONE',  ( 1.000000000000000000, 0.000000000000000000, 0.000000000000000000 ) ) ;
#3068 = EDGE_CURVE ( 'NONE', #659, #1828, #389, .T. ) ;
#3069 = AXIS2_PLACEMENT_3D ( 'NONE', #1185, #964, #951 ) ;
#3070 = EDGE_CURVE ( 'NONE', #1758, #1577, #2905, .T. ) ;
#3071 = CARTESIAN_POINT ( 'NONE',  ( 31.48999999999999844, 50.79999999999992610, 0.000000000000000000 ) ) ;
#3072 = FACE_OUTER_BOUND ( 'NONE', #829, .T. ) ;
#3073 = EDGE_CURVE ( 'NONE', #346, #2130, #2591, .T. ) ;
#3074 = EDGE_CURVE ( 'NONE', #2650, #809, #423, .T. ) ;
#3075 = AXIS2_PLACEMENT_3D ( 'NONE', #1810, #1369, #2527 ) ;
#3076 = ORIENTED_EDGE ( 'NONE', *, *, #1819, .F. ) ;
#3077 = CARTESIAN_POINT ( 'NONE',  ( 65.53999999999999204, 30.43000000000000327, 1.600000000000000089 ) ) ;
#3078 = DIRECTION ( 'NONE',  ( -0.000000000000000000, -0.000000000000000000, 1.000000000000000000 ) ) ;
#3079 = FACE_OUTER_BOUND ( 'NONE', #2057, .T. ) ;
#3080 = CARTESIAN_POINT ( 'NONE',  ( 26.41000000000000014, 50.79999999999989058, 0.000000000000000000 ) ) ;
#3081 = VERTEX_POINT ( 'NONE', #2320 ) ;
#3082 = EDGE_LOOP ( 'NONE', ( #3127, #2281 ) ) ;
#3083 = CARTESIAN_POINT ( 'NONE',  ( 28.49999999999999289, 50.79999999999990479, 1.600000000000000089 ) ) ;
#3084 = DIRECTION ( 'NONE',  ( 1.000000000000000000, 0.000000000000000000, 0.000000000000000000 ) ) ;
#3085 = VERTEX_POINT ( 'NONE', #147 ) ;
#3086 = CARTESIAN_POINT ( 'NONE',  ( 45.71999999999999886, 50.79999999999987637, 0.000000000000000000 ) ) ;
#3087 = CARTESIAN_POINT ( 'NONE',  ( 63.50000000000000000, 2.540000000000000036, 1.600000000000000089 ) ) ;
#3088 = CARTESIAN_POINT ( 'NONE',  ( 67.00000000000002842, 0.000000000000000000, 1.600000000000000089 ) ) ;
#3089 = CARTESIAN_POINT ( 'NONE',  ( 55.88000000000000256, 2.539999999999946745, 0.000000000000000000 ) ) ;
#3090 = VECTOR ( 'NONE', #1972, 1000.000000000000000 ) ;
#3091 = AXIS2_PLACEMENT_3D ( 'NONE', #779, #2, #1932 ) ;
#3092 = ORIENTED_EDGE ( 'NONE', *, *, #2051, .F. ) ;
#3093 = VECTOR ( 'NONE', #1551, 1000.000000000000000 ) ;
#3094 = FACE_BOUND ( 'NONE', #313, .T. ) ;
#3095 = DIRECTION ( 'NONE',  ( 0.000000000000000000, 0.000000000000000000, 1.000000000000000000 ) ) ;
#3096 = UNCERTAINTY_MEASURE_WITH_UNIT (LENGTH_MEASURE( 1.000000000000000082E-05 ), #1085, 'distance_accuracy_value', 'NONE');
#3097 = CARTESIAN_POINT ( 'NONE',  ( 38.09999999999999432, 2.539999999999946745, 0.000000000000000000 ) ) ;
#3098 = FACE_BOUND ( 'NONE', #129, .T. ) ;
#3099 = ORIENTED_EDGE ( 'NONE', *, *, #16, .F. ) ;
#3100 = ORIENTED_EDGE ( 'NONE', *, *, #2481, .T. ) ;
#3101 = DIRECTION ( 'NONE',  ( 1.000000000000000000, 0.000000000000000000, 0.000000000000000000 ) ) ;
#3102 = ADVANCED_FACE ( 'NONE', ( #2085 ), #159, .F. ) ;
#3103 = DIRECTION ( 'NONE',  ( 0.000000000000000000, 0.000000000000000000, 1.000000000000000000 ) ) ;
#3104 = VERTEX_POINT ( 'NONE', #1848 ) ;
#3105 = CIRCLE ( 'NONE', #360, 0.4499999999999990119 ) ;
#3106 = CARTESIAN_POINT ( 'NONE',  ( 68.00000000000001421, 53.53000000000000114, 1.600000000000000089 ) ) ;
#3107 = CARTESIAN_POINT ( 'NONE',  ( 66.03999999999999204, 25.35000000000000142, 0.000000000000000000 ) ) ;
#3108 = AXIS2_PLACEMENT_3D ( 'NONE', #2102, #1580, #212 ) ;
#3109 = EDGE_CURVE ( 'NONE', #3085, #2460, #1885, .T. ) ;
#3110 = EDGE_LOOP ( 'NONE', ( #2006, #2179, #2707, #1663 ) ) ;
#3111 = PLANE ( 'NONE',  #478 ) ;
#3112 = CARTESIAN_POINT ( 'NONE',  ( 60.96000000000000085, 2.539999999999982272, 0.000000000000000000 ) ) ;
#3113 = EDGE_CURVE ( 'NONE', #2110, #2626, #413, .T. ) ;
#3114 = DIRECTION ( 'NONE',  ( 0.000000000000000000, 0.000000000000000000, 1.000000000000000000 ) ) ;
#3115 = CYLINDRICAL_SURFACE ( 'NONE', #2380, 0.4500000000000025091 ) ;
#3116 = ORIENTED_EDGE ( 'NONE', *, *, #2307, .T. ) ;
#3117 = ORIENTED_EDGE ( 'NONE', *, *, #2976, .T. ) ;
#3118 = VECTOR ( 'NONE', #30, 1000.000000000000000 ) ;
#3119 = EDGE_CURVE ( 'NONE', #778, #2827, #2697, .T. ) ;
#3120 = LINE ( 'NONE', #925, #2642 ) ;
#3121 = DIRECTION ( 'NONE',  ( -0.000000000000000000, -0.000000000000000000, 1.000000000000000000 ) ) ;
#3122 = ORIENTED_EDGE ( 'NONE', *, *, #1544, .T. ) ;
#3123 = DIRECTION ( 'NONE',  ( 0.000000000000000000, 0.000000000000000000, 1.000000000000000000 ) ) ;
#3124 = FACE_OUTER_BOUND ( 'NONE', #934, .T. ) ;
#3125 = AXIS2_PLACEMENT_3D ( 'NONE', #2316, #579, #849 ) ;
#3126 = VECTOR ( 'NONE', #2448, 1000.000000000000000 ) ;
#3127 = ORIENTED_EDGE ( 'NONE', *, *, #1890, .F. ) ;
#3128 = FACE_BOUND ( 'NONE', #901, .T. ) ;
#3129 = DIRECTION ( 'NONE',  ( 0.000000000000000000, 0.000000000000000000, 1.000000000000000000 ) ) ;
#3130 = CYLINDRICAL_SURFACE ( 'NONE', #56, 0.5000000000000004441 ) ;
#3131 = EDGE_LOOP ( 'NONE', ( #2488, #291, #3016, #1106 ) ) ;
#3132 = ORIENTED_EDGE ( 'NONE', *, *, #1645, .F. ) ;
#3133 = CIRCLE ( 'NONE', #2166, 0.4499999999999990119 ) ;
#3134 = CYLINDRICAL_SURFACE ( 'NONE', #1170, 0.4499999999999990119 ) ;
#3135 = CARTESIAN_POINT ( 'NONE',  ( 36.00999999999999091, 2.539999999999928981, 0.000000000000000000 ) ) ;
#3136 = EDGE_LOOP ( 'NONE', ( #1733, #1359 ) ) ;
#3137 = CARTESIAN_POINT ( 'NONE',  ( 37.64999999999999858, 2.539999999999946745, 1.600000000000000089 ) ) ;
#3138 = CYLINDRICAL_SURFACE ( 'NONE', #608, 0.4499999999999990119 ) ;
#3139 = CARTESIAN_POINT ( 'NONE',  ( 65.53999999999999204, 30.43000000000000327, 0.000000000000000000 ) ) ;
ENDSEC;
END-ISO-10303-21;
